{"0": {"gen": 0, "min": [0.3059912499999999], "max": [0.36613860000000004], "mean": [0.34895647800000007]}, "1": {"gen": 1, "min": [0.3059912499999999], "max": [0.36613860000000004], "mean": [0.349709966]}, "2": {"gen": 2, "min": [0.3059912499999999], "max": [0.36613860000000004], "mean": [0.34759479699999996]}, "3": {"gen": 3, "min": [0.3059912499999999], "max": [0.36613860000000004], "mean": [0.34782160500000003]}, "4": {"gen": 4, "min": [0.3059912499999999], "max": [0.36613860000000004], "mean": [0.3532198100000001]}, "5": {"gen": 5, "min": [0.3059912499999999], "max": [0.36743669999999934], "mean": [0.35466577099999996]}, "6": {"gen": 6, "min": [0.3059912499999999], "max": [0.36743669999999934], "mean": [0.3587941910000001]}, "7": {"gen": 7, "min": [0.3059912499999999], "max": [0.36743669999999934], "mean": [0.3562581929999999]}, "8": {"gen": 8, "min": [0.3059912499999999], "max": [0.36743669999999934], "mean": [0.34707351299999994]}, "9": {"gen": 9, "min": [0.3059912499999999], "max": [0.36743669999999934], "mean": [0.3341757569999998]}, "10": {"gen": 10, "min": [0.3059912499999999], "max": [0.36743669999999934], "mean": [0.32997437599999985]}, "11": {"gen": 11, "min": [0.3059912499999999], "max": [0.36743669999999934], "mean": [0.32386856499999994]}, "12": {"gen": 12, "min": [0.3059912499999999], "max": [0.36743669999999934], "mean": [0.3285545549999999]}, "13": {"gen": 13, "min": [0.3059912499999999], "max": [0.36743669999999934], "mean": [0.32506229499999995]}, "14": {"gen": 14, "min": [0.3026363999999998], "max": [0.36743669999999934], "mean": [0.3329781589999999]}, "15": {"gen": 15, "min": [0.3026363999999998], "max": [0.36743669999999934], "mean": [0.33110979599999996]}, "16": {"gen": 16, "min": [0.3026363999999998], "max": [0.36743669999999934], "mean": [0.3334671279999999]}, "17": {"gen": 17, "min": [0.3026363999999998], "max": [0.36743669999999934], "mean": [0.32345798099999984]}, "18": {"gen": 18, "min": [0.3026363999999998], "max": [0.36743669999999934], "mean": [0.3313123439999998]}, "19": {"gen": 19, "min": [0.3026363999999998], "max": [0.3674457499999999], "mean": [0.32517774199999994]}, "20": {"gen": 20, "min": [0.3026363999999998], "max": [0.3674457499999999], "mean": [0.33003544999999995]}, "21": {"gen": 21, "min": [0.3026363999999998], "max": [0.3674457499999999], "mean": [0.3216567749999999]}, "22": {"gen": 22, "min": [0.3026363999999998], "max": [0.3674457499999999], "mean": [0.3299848939999998]}, "23": {"gen": 23, "min": [0.3026363999999998], "max": [0.3674457499999999], "mean": [0.323304792]}, "24": {"gen": 24, "min": [0.3026363999999998], "max": [0.3674457499999999], "mean": [0.33091108599999997]}, "25": {"gen": 25, "min": [0.3026363999999998], "max": [0.3674457499999999], "mean": [0.3242158939999999]}, "26": {"gen": 26, "min": [0.3026363999999998], "max": [0.3674457499999999], "mean": [0.32534031099999977]}, "27": {"gen": 27, "min": [0.3026363999999998], "max": [0.3674457499999999], "mean": [0.32205992299999986]}, "28": {"gen": 28, "min": [0.3026363999999998], "max": [0.3674457499999999], "mean": [0.3293357539999999]}, "29": {"gen": 29, "min": [0.3026363999999998], "max": [0.3674457499999999], "mean": [0.3265642569999999]}, "30": {"gen": 30, "min": [0.3026363999999998], "max": [0.3674457499999999], "mean": [0.33438976099999995]}, "31": {"gen": 31, "min": [0.3026363999999998], "max": [0.3674457499999999], "mean": [0.3273917989999998]}, "32": {"gen": 32, "min": [0.3026363999999998], "max": [0.3674457499999999], "mean": [0.3310226829999998]}, "33": {"gen": 33, "min": [0.3026363999999998], "max": [0.3674457499999999], "mean": [0.3255335979999998]}, "34": {"gen": 34, "min": [0.3026363999999998], "max": [0.3674457499999999], "mean": [0.32895351899999986]}, "35": {"gen": 35, "min": [0.3026363999999998], "max": [0.3674457499999999], "mean": [0.3264477539999998]}, "36": {"gen": 36, "min": [0.3026363999999998], "max": [0.3674457499999999], "mean": [0.3367889759999999]}, "37": {"gen": 37, "min": [0.3026363999999998], "max": [0.3674457499999999], "mean": [0.3356352199999999]}, "38": {"gen": 38, "min": [0.3026363999999998], "max": [0.3674457499999999], "mean": [0.33349155499999994]}, "39": {"gen": 39, "min": [0.3026363999999998], "max": [0.3674457499999999], "mean": [0.33097182299999994]}, "40": {"gen": 40, "min": [0.2985078499999997], "max": [0.3674457499999999], "mean": [0.3335690439999998]}, "41": {"gen": 41, "min": [0.2985078499999997], "max": [0.36911265000000026], "mean": [0.3370408259999999]}, "42": {"gen": 42, "min": [0.2985078499999997], "max": [0.36911265000000026], "mean": [0.32704683199999984]}, "43": {"gen": 43, "min": [0.2985078499999997], "max": [0.36911265000000026], "mean": [0.3366500629999999]}, "44": {"gen": 44, "min": [0.2985078499999997], "max": [0.36911265000000026], "mean": [0.3309446009999999]}, "45": {"gen": 45, "min": [0.2985078499999997], "max": [0.36911265000000026], "mean": [0.34499949099999994]}, "46": {"gen": 46, "min": [0.2985078499999997], "max": [0.36911265000000026], "mean": [0.3479987020000001]}, "47": {"gen": 47, "min": [0.2985078499999997], "max": [0.36911265000000026], "mean": [0.3457490260000002]}, "48": {"gen": 48, "min": [0.2985078499999997], "max": [0.36911265000000026], "mean": [0.3465186900000001]}, "49": {"gen": 49, "min": [0.3026363999999998], "max": [0.36742830000000065], "mean": [0.34113942100000005]}}