{"0": {"gen": 0, "min": [0.3059912499999999], "max": [0.36613860000000004], "mean": [0.34839375199999995]}, "1": {"gen": 1, "min": [0.3059912499999999], "max": [0.36613860000000004], "mean": [0.3439043339999999]}, "2": {"gen": 2, "min": [0.3059912499999999], "max": [0.36667725000000023], "mean": [0.346310325]}, "3": {"gen": 3, "min": [0.3059912499999999], "max": [0.36747545000000015], "mean": [0.34719837]}, "4": {"gen": 4, "min": [0.3059912499999999], "max": [0.36747545000000015], "mean": [0.34658081199999996]}, "5": {"gen": 5, "min": [0.3059912499999999], "max": [0.36747545000000015], "mean": [0.35045722900000004]}, "6": {"gen": 6, "min": [0.3059912499999999], "max": [0.36747545000000015], "mean": [0.34568336200000005]}, "7": {"gen": 7, "min": [0.3059912499999999], "max": [0.36747545000000015], "mean": [0.349635235]}, "8": {"gen": 8, "min": [0.3059912499999999], "max": [0.36747545000000015], "mean": [0.3432153619999999]}, "9": {"gen": 9, "min": [0.3059912499999999], "max": [0.36802765000000015], "mean": [0.34276639899999994]}, "10": {"gen": 10, "min": [0.3059912499999999], "max": [0.36802765000000015], "mean": [0.3493179609999999]}, "11": {"gen": 11, "min": [0.3059912499999999], "max": [0.36802765000000015], "mean": [0.34809024899999985]}, "12": {"gen": 12, "min": [0.3059912499999999], "max": [0.36802765000000015], "mean": [0.347304807]}, "13": {"gen": 13, "min": [0.3059912499999999], "max": [0.3681583499999992], "mean": [0.34831235000000005]}, "14": {"gen": 14, "min": [0.3059912499999999], "max": [0.3681583499999992], "mean": [0.3498927310000001]}, "15": {"gen": 15, "min": [0.3059912499999999], "max": [0.3684029999999998], "mean": [0.3473612530000001]}, "16": {"gen": 16, "min": [0.3059912499999999], "max": [0.3684156999999999], "mean": [0.3466593020000001]}, "17": {"gen": 17, "min": [0.3059912499999999], "max": [0.36890049999999985], "mean": [0.34609754299999984]}, "18": {"gen": 18, "min": [0.3059912499999999], "max": [0.36890049999999985], "mean": [0.349907329]}, "19": {"gen": 19, "min": [0.3059912499999999], "max": [0.36890049999999985], "mean": [0.34325842499999987]}, "20": {"gen": 20, "min": [0.3059912499999999], "max": [0.36890049999999985], "mean": [0.34801939799999987]}, "21": {"gen": 21, "min": [0.3059912499999999], "max": [0.36890049999999985], "mean": [0.34405251200000003]}, "22": {"gen": 22, "min": [0.3059912499999999], "max": [0.36890049999999985], "mean": [0.3434334469999999]}, "23": {"gen": 23, "min": [0.3059912499999999], "max": [0.36890049999999985], "mean": [0.3450823759999999]}, "24": {"gen": 24, "min": [0.3059912499999999], "max": [0.36890049999999985], "mean": [0.3450610939999999]}, "25": {"gen": 25, "min": [0.3059912499999999], "max": [0.36890049999999985], "mean": [0.3443731299999999]}, "26": {"gen": 26, "min": [0.3059912499999999], "max": [0.36890049999999985], "mean": [0.35069918399999994]}, "27": {"gen": 27, "min": [0.3059912499999999], "max": [0.36890049999999985], "mean": [0.34753905799999996]}, "28": {"gen": 28, "min": [0.3059912499999999], "max": [0.36890049999999985], "mean": [0.34765655299999987]}, "29": {"gen": 29, "min": [0.3059912499999999], "max": [0.3694279500000003], "mean": [0.34999685899999994]}, "30": {"gen": 30, "min": [0.3059912499999999], "max": [0.3694279500000003], "mean": [0.346812118]}, "31": {"gen": 31, "min": [0.3059912499999999], "max": [0.36986085], "mean": [0.3446517390000001]}, "32": {"gen": 32, "min": [0.3059912499999999], "max": [0.36986085], "mean": [0.34793283499999994]}, "33": {"gen": 33, "min": [0.3059912499999999], "max": [0.36986085], "mean": [0.3455654210000001]}, "34": {"gen": 34, "min": [0.3059912499999999], "max": [0.36986085], "mean": [0.34287833000000006]}, "35": {"gen": 35, "min": [0.3059912499999999], "max": [0.36986085], "mean": [0.34606571599999997]}, "36": {"gen": 36, "min": [0.3059912499999999], "max": [0.36986085], "mean": [0.34696710999999986]}, "37": {"gen": 37, "min": [0.3059912499999999], "max": [0.36986085], "mean": [0.34633394999999983]}, "38": {"gen": 38, "min": [0.3059912499999999], "max": [0.36986085], "mean": [0.35728834800000003]}, "39": {"gen": 39, "min": [0.3059912499999999], "max": [0.36986085], "mean": [0.36540248299999994]}, "40": {"gen": 40, "min": [0.3059912499999999], "max": [0.36986085], "mean": [0.364524277]}, "41": {"gen": 41, "min": [0.3059912499999999], "max": [0.36986085], "mean": [0.3652675779999999]}, "42": {"gen": 42, "min": [0.3059912499999999], "max": [0.36986085], "mean": [0.36522168199999994]}, "43": {"gen": 43, "min": [0.3059912499999999], "max": [0.36986085], "mean": [0.3648092949999999]}, "44": {"gen": 44, "min": [0.3059912499999999], "max": [0.36986085], "mean": [0.3650164719999999]}, "45": {"gen": 45, "min": [0.3059912499999999], "max": [0.36986085], "mean": [0.3652039429999999]}, "46": {"gen": 46, "min": [0.3059912499999999], "max": [0.36986085], "mean": [0.3645671579999999]}, "47": {"gen": 47, "min": [0.3059912499999999], "max": [0.36986085], "mean": [0.36440841]}, "48": {"gen": 48, "min": [0.3059912499999999], "max": [0.36986085], "mean": [0.3647978989999999]}, "49": {"gen": 49, "min": [0.3059912499999999], "max": [0.36986085], "mean": [0.36289624199999987]}}