{"1": {"nome": "Tempo Leitura Dataset", "count": 1, "mean": 2.1935977935791016, "sum": 2.1935977935791016, "min": 2.1935977935791016, "max": 2.1935977935791016}, "2": {"nome": "Tempo Convers\u00e3o Array to CUDF", "count": 0, "mean": 0, "sum": 0, "min": null, "max": null}, "3": {"nome": "Tempo Leitura Fitness de Indiv\u00edduos Salvos", "count": 1, "mean": 0.0009300708770751953, "sum": 0.0009300708770751953, "min": 0.0009300708770751953, "max": 0.0009300708770751953}, "4": {"nome": "Tempo Avalia\u00e7\u00e3o Indiv\u00edduo", "count": 45, "mean": 0.13477747705247667, "sum": 6.06498646736145, "min": 2.2649765014648438e-05, "max": 0.7518539428710938}, "5": {"nome": "Tempo Cria\u00e7\u00e3o das Classes da Toolbox", "count": 1, "mean": 0.0006055831909179688, "sum": 0.0006055831909179688, "min": 0.0006055831909179688, "max": 0.0006055831909179688}, "6": {"nome": "Tempo Gera\u00e7\u00e3o de Pop. Inicial", "count": 1, "mean": 0.0007014274597167969, "sum": 0.0007014274597167969, "min": 0.0007014274597167969, "max": 0.0007014274597167969}, "7": {"nome": "Tempo Crossover e Muta\u00e7\u00e3o", "count": 5, "mean": 0.0006050586700439454, "sum": 0.0030252933502197266, "min": 0.0005712509155273438, "max": 0.0006330013275146484}, "8": {"nome": "Tempo Manipula\u00e7\u00e3o de Fitness da Toolbox", "count": 5, "mean": 1.2131315231323243, "sum": 6.065657615661621, "min": 0.000209808349609375, "max": 2.0180017948150635}, "9": {"nome": "Tempo Para Sele\u00e7\u00e3o de Indiv\u00edduos de Acordo com o M\u00e9todo", "count": 5, "mean": 0.036423349380493165, "sum": 0.18211674690246582, "min": 0.010529756546020508, "max": 0.046669960021972656}, "10": {"nome": "Tempo Persist\u00eancia de Dados no meio da Execu\u00e7\u00e3o", "count": 5, "mean": 1.6171947956085204, "sum": 8.085973978042603, "min": 9.5367431640625e-07, "max": 8.0859694480896}, "11": {"nome": "Tempo para Computar Estat\u00edsticas da Gera\u00e7\u00e3o", "count": 5, "mean": 0.00022130012512207032, "sum": 0.0011065006256103516, "min": 0.0001571178436279297, "max": 0.00035858154296875}, "12": {"nome": "Tempo para Printar Resultados", "count": 6, "mean": 0.0007931788762410482, "sum": 0.004759073257446289, "min": 0.0004401206970214844, "max": 0.001178741455078125}, "13": {"nome": "Tempo Para Persistir Dados no Final da Execu\u00e7\u00e3o", "count": 1, "mean": 0.0019068717956542969, "sum": 0.0019068717956542969, "min": 0.0019068717956542969, "max": 0.0019068717956542969}}