{"1": {"nome": "Tempo Leitura Dataset", "count": 1, "mean": 129.216304063797, "sum": 129.216304063797, "min": 129.216304063797, "max": 129.216304063797}, "2": {"nome": "Tempo Convers\u00e3o Array to CUDF", "count": 0, "mean": 0, "sum": 0, "min": null, "max": null}, "3": {"nome": "Tempo Leitura Fitness de Indiv\u00edduos Salvos", "count": 1, "mean": 0.024948835372924805, "sum": 0.024948835372924805, "min": 0.024948835372924805, "max": 0.024948835372924805}, "4": {"nome": "Tempo Avalia\u00e7\u00e3o Indiv\u00edduo", "count": 3000, "mean": 6.421958400170008, "sum": 19265.875200510025, "min": 8.559226989746094e-05, "max": 37.25802564620972}, "5": {"nome": "Tempo Cria\u00e7\u00e3o das Classes da Toolbox", "count": 1, "mean": 0.00036334991455078125, "sum": 0.00036334991455078125, "min": 0.00036334991455078125, "max": 0.00036334991455078125}, "6": {"nome": "Tempo Gera\u00e7\u00e3o de Pop. Inicial", "count": 1, "mean": 0.015397310256958008, "sum": 0.015397310256958008, "min": 0.015397310256958008, "max": 0.015397310256958008}, "7": {"nome": "Tempo Crossover e Muta\u00e7\u00e3o", "count": 50, "mean": 0.0034273338317871095, "sum": 0.17136669158935547, "min": 0.0031142234802246094, "max": 0.0039010047912597656}, "8": {"nome": "Tempo Manipula\u00e7\u00e3o de Fitness da Toolbox", "count": 50, "mean": 385.33771186828614, "sum": 19266.885593414307, "min": 0.015929698944091797, "max": 612.5987973213196}, "9": {"nome": "Tempo Para Sele\u00e7\u00e3o de Indiv\u00edduos de Acordo com o M\u00e9todo", "count": 50, "mean": 0.01512341022491455, "sum": 0.7561705112457275, "min": 0.012562274932861328, "max": 0.02575516700744629}, "10": {"nome": "Tempo Persist\u00eancia de Dados no meio da Execu\u00e7\u00e3o", "count": 50, "mean": 10.100085806846618, "sum": 505.00429034233093, "min": 2.288818359375e-05, "max": 60.87375807762146}, "11": {"nome": "Tempo para Computar Estat\u00edsticas da Gera\u00e7\u00e3o", "count": 50, "mean": 0.0005382490158081055, "sum": 0.026912450790405273, "min": 0.0003008842468261719, "max": 0.0014176368713378906}, "12": {"nome": "Tempo para Printar Resultados", "count": 51, "mean": 0.000976698071348901, "sum": 0.049811601638793945, "min": 0.0005140304565429688, "max": 0.0025756359100341797}, "13": {"nome": "Tempo Para Persistir Dados no Final da Execu\u00e7\u00e3o", "count": 1, "mean": 0.05782318115234375, "sum": 0.05782318115234375, "min": 0.05782318115234375, "max": 0.05782318115234375}}