{"1": {"nome": "Tempo Leitura Dataset", "count": 1, "mean": 126.12924408912659, "sum": 126.12924408912659, "min": 126.12924408912659, "max": 126.12924408912659}, "2": {"nome": "Tempo Convers\u00e3o Array to CUDF", "count": 0, "mean": 0, "sum": 0, "min": null, "max": null}, "3": {"nome": "Tempo Leitura Fitness de Indiv\u00edduos Salvos", "count": 1, "mean": 0.009601831436157227, "sum": 0.009601831436157227, "min": 0.009601831436157227, "max": 0.009601831436157227}, "4": {"nome": "Tempo Avalia\u00e7\u00e3o Indiv\u00edduo", "count": 3000, "mean": 1.7835674614111583, "sum": 5350.702384233475, "min": 8.559226989746094e-05, "max": 21.625025272369385}, "5": {"nome": "Tempo Cria\u00e7\u00e3o das Classes da Toolbox", "count": 1, "mean": 0.00029277801513671875, "sum": 0.00029277801513671875, "min": 0.00029277801513671875, "max": 0.00029277801513671875}, "6": {"nome": "Tempo Gera\u00e7\u00e3o de Pop. Inicial", "count": 1, "mean": 0.015340328216552734, "sum": 0.015340328216552734, "min": 0.015340328216552734, "max": 0.015340328216552734}, "7": {"nome": "Tempo Crossover e Muta\u00e7\u00e3o", "count": 50, "mean": 0.0034629964828491212, "sum": 0.17314982414245605, "min": 0.003029346466064453, "max": 0.006450176239013672}, "8": {"nome": "Tempo Manipula\u00e7\u00e3o de Fitness da Toolbox", "count": 50, "mean": 107.02794672489166, "sum": 5351.397336244583, "min": 0.009468317031860352, "max": 446.5007891654968}, "9": {"nome": "Tempo Para Sele\u00e7\u00e3o de Indiv\u00edduos de Acordo com o M\u00e9todo", "count": 50, "mean": 0.01629474639892578, "sum": 0.8147373199462891, "min": 0.013498306274414062, "max": 0.026610136032104492}, "10": {"nome": "Tempo Persist\u00eancia de Dados no meio da Execu\u00e7\u00e3o", "count": 50, "mean": 2.50724160194397, "sum": 125.36208009719849, "min": 1.9788742065429688e-05, "max": 60.77785634994507}, "11": {"nome": "Tempo para Computar Estat\u00edsticas da Gera\u00e7\u00e3o", "count": 50, "mean": 0.0005289888381958007, "sum": 0.02644944190979004, "min": 0.0003185272216796875, "max": 0.0016930103302001953}, "12": {"nome": "Tempo para Printar Resultados", "count": 51, "mean": 0.0009095294802796607, "sum": 0.046386003494262695, "min": 0.00041484832763671875, "max": 0.0025360584259033203}, "13": {"nome": "Tempo Para Persistir Dados no Final da Execu\u00e7\u00e3o", "count": 1, "mean": 0.019122600555419922, "sum": 0.019122600555419922, "min": 0.019122600555419922, "max": 0.019122600555419922}}