{"1": {"nome": "Tempo Leitura Dataset", "count": 2, "mean": 130.77539384365082, "sum": 261.55078768730164, "min": 130.5653154850006, "max": 130.98547220230103}, "2": {"nome": "Tempo Convers\u00e3o Array to CUDF", "count": 0, "mean": 0, "sum": 0, "min": null, "max": null}, "3": {"nome": "Tempo Leitura Fitness de Indiv\u00edduos Salvos", "count": 2, "mean": 0.012962102890014648, "sum": 0.025924205780029297, "min": 0.006351470947265625, "max": 0.019572734832763672}, "4": {"nome": "Tempo Avalia\u00e7\u00e3o Indiv\u00edduo", "count": 6000, "mean": 3.6658467183907826, "sum": 21995.080310344696, "min": 6.0558319091796875e-05, "max": 60.814566135406494}, "5": {"nome": "Tempo Cria\u00e7\u00e3o das Classes da Toolbox", "count": 2, "mean": 0.0028058290481567383, "sum": 0.0056116580963134766, "min": 0.0003314018249511719, "max": 0.005280256271362305}, "6": {"nome": "Tempo Gera\u00e7\u00e3o de Pop. Inicial", "count": 2, "mean": 0.014743924140930176, "sum": 0.02948784828186035, "min": 0.013948202133178711, "max": 0.01553964614868164}, "7": {"nome": "Tempo Crossover e Muta\u00e7\u00e3o", "count": 100, "mean": 0.0038829302787780763, "sum": 0.3882930278778076, "min": 0.0033104419708251953, "max": 0.017050504684448242}, "8": {"nome": "Tempo Manipula\u00e7\u00e3o de Fitness da Toolbox", "count": 100, "mean": 219.9761032795906, "sum": 21997.61032795906, "min": 0.022043704986572266, "max": 530.5665900707245}, "9": {"nome": "Tempo Para Sele\u00e7\u00e3o de Indiv\u00edduos de Acordo com o M\u00e9todo", "count": 100, "mean": 0.016500821113586427, "sum": 1.6500821113586426, "min": 0.013437747955322266, "max": 0.035044193267822266}, "10": {"nome": "Tempo Persist\u00eancia de Dados no meio da Execu\u00e7\u00e3o", "count": 100, "mean": 7.972747492790222, "sum": 797.2747492790222, "min": 2.5510787963867188e-05, "max": 60.850804805755615}, "11": {"nome": "Tempo para Computar Estat\u00edsticas da Gera\u00e7\u00e3o", "count": 100, "mean": 0.0005689811706542969, "sum": 0.05689811706542969, "min": 0.00034165382385253906, "max": 0.005004405975341797}, "12": {"nome": "Tempo para Printar Resultados", "count": 102, "mean": 0.0010898954728070427, "sum": 0.11116933822631836, "min": 0.0003101825714111328, "max": 0.006096363067626953}, "13": {"nome": "Tempo Para Persistir Dados no Final da Execu\u00e7\u00e3o", "count": 2, "mean": 0.03751266002655029, "sum": 0.07502532005310059, "min": 0.032201290130615234, "max": 0.04282402992248535}}