{"1": {"nome": "Tempo Leitura Dataset", "count": 1, "mean": 102.69608402252197, "sum": 102.69608402252197, "min": 102.69608402252197, "max": 102.69608402252197}, "2": {"nome": "Tempo Convers\u00e3o Array to CUDF", "count": 0, "mean": 0, "sum": 0, "min": null, "max": null}, "3": {"nome": "Tempo Leitura Fitness de Indiv\u00edduos Salvos", "count": 1, "mean": 0.5563220977783203, "sum": 0.5563220977783203, "min": 0.5563220977783203, "max": 0.5563220977783203}, "4": {"nome": "Tempo Avalia\u00e7\u00e3o Indiv\u00edduo", "count": 6, "mean": 5.384286244710287e-05, "sum": 0.0003230571746826172, "min": 4.887580871582031e-05, "max": 6.127357482910156e-05}, "5": {"nome": "Tempo Cria\u00e7\u00e3o das Classes da Toolbox", "count": 1, "mean": 0.00130462646484375, "sum": 0.00130462646484375, "min": 0.00130462646484375, "max": 0.00130462646484375}, "6": {"nome": "Tempo Gera\u00e7\u00e3o de Pop. Inicial", "count": 1, "mean": 0.0009768009185791016, "sum": 0.0009768009185791016, "min": 0.0009768009185791016, "max": 0.0009768009185791016}, "7": {"nome": "Tempo Crossover e Muta\u00e7\u00e3o", "count": 2, "mean": 0.00043463706970214844, "sum": 0.0008692741394042969, "min": 0.0004265308380126953, "max": 0.00044274330139160156}, "8": {"nome": "Tempo Manipula\u00e7\u00e3o de Fitness da Toolbox", "count": 2, "mean": 0.0003186464309692383, "sum": 0.0006372928619384766, "min": 0.00027441978454589844, "max": 0.0003628730773925781}, "9": {"nome": "Tempo Para Sele\u00e7\u00e3o de Indiv\u00edduos de Acordo com o M\u00e9todo", "count": 2, "mean": 0.20940232276916504, "sum": 0.4188046455383301, "min": 0.05704307556152344, "max": 0.36176156997680664}, "10": {"nome": "Tempo Persist\u00eancia de Dados no meio da Execu\u00e7\u00e3o", "count": 2, "mean": 5.798705458641052, "sum": 11.597410917282104, "min": 1.1920928955078125e-06, "max": 11.597409725189209}, "11": {"nome": "Tempo para Computar Estat\u00edsticas da Gera\u00e7\u00e3o", "count": 2, "mean": 0.00028955936431884766, "sum": 0.0005791187286376953, "min": 0.00017714500427246094, "max": 0.0004019737243652344}, "12": {"nome": "Tempo para Printar Resultados", "count": 3, "mean": 0.0007683436075846354, "sum": 0.0023050308227539062, "min": 0.00021576881408691406, "max": 0.0011439323425292969}, "13": {"nome": "Tempo Para Persistir Dados no Final da Execu\u00e7\u00e3o", "count": 1, "mean": 3.2355685234069824, "sum": 3.2355685234069824, "min": 3.2355685234069824, "max": 3.2355685234069824}}