{"1": {"nome": "Tempo Leitura Dataset", "count": 1, "mean": 123.75367546081543, "sum": 123.75367546081543, "min": 123.75367546081543, "max": 123.75367546081543}, "2": {"nome": "Tempo Convers\u00e3o Array to CUDF", "count": 0, "mean": 0, "sum": 0, "min": null, "max": null}, "3": {"nome": "Tempo Leitura Fitness de Indiv\u00edduos Salvos", "count": 1, "mean": 0.014755487442016602, "sum": 0.014755487442016602, "min": 0.014755487442016602, "max": 0.014755487442016602}, "4": {"nome": "Tempo Avalia\u00e7\u00e3o Indiv\u00edduo", "count": 3000, "mean": 0.00019225502014160156, "sum": 0.5767650604248047, "min": 5.435943603515625e-05, "max": 0.011818408966064453}, "5": {"nome": "Tempo Cria\u00e7\u00e3o das Classes da Toolbox", "count": 1, "mean": 0.0004551410675048828, "sum": 0.0004551410675048828, "min": 0.0004551410675048828, "max": 0.0004551410675048828}, "6": {"nome": "Tempo Gera\u00e7\u00e3o de Pop. Inicial", "count": 1, "mean": 0.015247344970703125, "sum": 0.015247344970703125, "min": 0.015247344970703125, "max": 0.015247344970703125}, "7": {"nome": "Tempo Crossover e Muta\u00e7\u00e3o", "count": 50, "mean": 0.0034911203384399413, "sum": 0.17455601692199707, "min": 0.0029768943786621094, "max": 0.009335517883300781}, "8": {"nome": "Tempo Manipula\u00e7\u00e3o de Fitness da Toolbox", "count": 50, "mean": 0.025435376167297363, "sum": 1.2717688083648682, "min": 0.013585329055786133, "max": 0.04021573066711426}, "9": {"nome": "Tempo Para Sele\u00e7\u00e3o de Indiv\u00edduos de Acordo com o M\u00e9todo", "count": 50, "mean": 0.016048269271850588, "sum": 0.8024134635925293, "min": 0.013327836990356445, "max": 0.03032517433166504}, "10": {"nome": "Tempo Persist\u00eancia de Dados no meio da Execu\u00e7\u00e3o", "count": 50, "mean": 1.6585382986068726, "sum": 82.92691493034363, "min": 1.8358230590820312e-05, "max": 8.835158824920654}, "11": {"nome": "Tempo para Computar Estat\u00edsticas da Gera\u00e7\u00e3o", "count": 50, "mean": 0.000615234375, "sum": 0.03076171875, "min": 0.00026679039001464844, "max": 0.007216930389404297}, "12": {"nome": "Tempo para Printar Resultados", "count": 51, "mean": 0.0009432633717854818, "sum": 0.04810643196105957, "min": 0.0005214214324951172, "max": 0.002161264419555664}, "13": {"nome": "Tempo Para Persistir Dados no Final da Execu\u00e7\u00e3o", "count": 1, "mean": 0.02873063087463379, "sum": 0.02873063087463379, "min": 0.02873063087463379, "max": 0.02873063087463379}}