{"1": {"nome": "Tempo Leitura Dataset", "count": 2, "mean": 123.76042687892914, "sum": 247.52085375785828, "min": 123.75367546081543, "max": 123.76717829704285}, "2": {"nome": "Tempo Convers\u00e3o Array to CUDF", "count": 0, "mean": 0, "sum": 0, "min": null, "max": null}, "3": {"nome": "Tempo Leitura Fitness de Indiv\u00edduos Salvos", "count": 2, "mean": 0.008269548416137695, "sum": 0.01653909683227539, "min": 0.001783609390258789, "max": 0.014755487442016602}, "4": {"nome": "Tempo Avalia\u00e7\u00e3o Indiv\u00edduo", "count": 6000, "mean": 2.1018220304648083, "sum": 12610.932182788849, "min": 5.435943603515625e-05, "max": 55.35794544219971}, "5": {"nome": "Tempo Cria\u00e7\u00e3o das Classes da Toolbox", "count": 2, "mean": 0.005370736122131348, "sum": 0.010741472244262695, "min": 0.0004551410675048828, "max": 0.010286331176757812}, "6": {"nome": "Tempo Gera\u00e7\u00e3o de Pop. Inicial", "count": 2, "mean": 0.013831019401550293, "sum": 0.027662038803100586, "min": 0.012414693832397461, "max": 0.015247344970703125}, "7": {"nome": "Tempo Crossover e Muta\u00e7\u00e3o", "count": 100, "mean": 0.0034505915641784668, "sum": 0.3450591564178467, "min": 0.0029768943786621094, "max": 0.010063409805297852}, "8": {"nome": "Tempo Manipula\u00e7\u00e3o de Fitness da Toolbox", "count": 100, "mean": 126.12470409154892, "sum": 12612.470409154892, "min": 0.013585329055786133, "max": 437.23819637298584}, "9": {"nome": "Tempo Para Sele\u00e7\u00e3o de Indiv\u00edduos de Acordo com o M\u00e9todo", "count": 100, "mean": 0.015905489921569826, "sum": 1.5905489921569824, "min": 0.012645483016967773, "max": 0.08431220054626465}, "10": {"nome": "Tempo Persist\u00eancia de Dados no meio da Execu\u00e7\u00e3o", "count": 100, "mean": 5.391691296100617, "sum": 539.1691296100616, "min": 1.8358230590820312e-05, "max": 60.84244465827942}, "11": {"nome": "Tempo para Computar Estat\u00edsticas da Gera\u00e7\u00e3o", "count": 100, "mean": 0.000542917251586914, "sum": 0.054291725158691406, "min": 0.0002646446228027344, "max": 0.007216930389404297}, "12": {"nome": "Tempo para Printar Resultados", "count": 102, "mean": 0.0009099198322670133, "sum": 0.09281182289123535, "min": 0.00026416778564453125, "max": 0.002161264419555664}, "13": {"nome": "Tempo Para Persistir Dados no Final da Execu\u00e7\u00e3o", "count": 2, "mean": 0.022933363914489746, "sum": 0.04586672782897949, "min": 0.017136096954345703, "max": 0.02873063087463379}}