{"1": {"nome": "Tempo Leitura Dataset", "count": 3, "mean": 123.37227527300517, "sum": 370.1168258190155, "min": 122.59597206115723, "max": 123.76717829704285}, "2": {"nome": "Tempo Convers\u00e3o Array to CUDF", "count": 0, "mean": 0, "sum": 0, "min": null, "max": null}, "3": {"nome": "Tempo Leitura Fitness de Indiv\u00edduos Salvos", "count": 3, "mean": 0.005830685297648112, "sum": 0.017492055892944336, "min": 0.0009529590606689453, "max": 0.014755487442016602}, "4": {"nome": "Tempo Avalia\u00e7\u00e3o Indiv\u00edduo", "count": 9000, "mean": 3.1840736859374577, "sum": 28656.66317343712, "min": 5.435943603515625e-05, "max": 55.35794544219971}, "5": {"nome": "Tempo Cria\u00e7\u00e3o das Classes da Toolbox", "count": 3, "mean": 0.0037914117177327475, "sum": 0.011374235153198242, "min": 0.0004551410675048828, "max": 0.010286331176757812}, "6": {"nome": "Tempo Gera\u00e7\u00e3o de Pop. Inicial", "count": 3, "mean": 0.013658682505289713, "sum": 0.04097604751586914, "min": 0.012414693832397461, "max": 0.015247344970703125}, "7": {"nome": "Tempo Crossover e Muta\u00e7\u00e3o", "count": 150, "mean": 0.0033761103947957355, "sum": 0.5064165592193604, "min": 0.0029630661010742188, "max": 0.010063409805297852}, "8": {"nome": "Tempo Manipula\u00e7\u00e3o de Fitness da Toolbox", "count": 150, "mean": 191.06054113705952, "sum": 28659.08117055893, "min": 0.013585329055786133, "max": 1103.3824870586395}, "9": {"nome": "Tempo Para Sele\u00e7\u00e3o de Indiv\u00edduos de Acordo com o M\u00e9todo", "count": 150, "mean": 0.015891950925191245, "sum": 2.3837926387786865, "min": 0.012645483016967773, "max": 0.08436107635498047}, "10": {"nome": "Tempo Persist\u00eancia de Dados no meio da Execu\u00e7\u00e3o", "count": 150, "mean": 7.651500355402629, "sum": 1147.7250533103943, "min": 1.811981201171875e-05, "max": 60.92698335647583}, "11": {"nome": "Tempo para Computar Estat\u00edsticas da Gera\u00e7\u00e3o", "count": 150, "mean": 0.0005272197723388672, "sum": 0.07908296585083008, "min": 0.0002646446228027344, "max": 0.007216930389404297}, "12": {"nome": "Tempo para Printar Resultados", "count": 153, "mean": 0.0008903017231062346, "sum": 0.1362161636352539, "min": 7.748603820800781e-05, "max": 0.002161264419555664}, "13": {"nome": "Tempo Para Persistir Dados no Final da Execu\u00e7\u00e3o", "count": 3, "mean": 0.02083436648050944, "sum": 0.06250309944152832, "min": 0.016636371612548828, "max": 0.02873063087463379}}