{"1": {"nome": "Tempo Leitura Dataset", "count": 1, "mean": 130.98547220230103, "sum": 130.98547220230103, "min": 130.98547220230103, "max": 130.98547220230103}, "2": {"nome": "Tempo Convers\u00e3o Array to CUDF", "count": 0, "mean": 0, "sum": 0, "min": null, "max": null}, "3": {"nome": "Tempo Leitura Fitness de Indiv\u00edduos Salvos", "count": 1, "mean": 0.019572734832763672, "sum": 0.019572734832763672, "min": 0.019572734832763672, "max": 0.019572734832763672}, "4": {"nome": "Tempo Avalia\u00e7\u00e3o Indiv\u00edduo", "count": 3000, "mean": 2.2457723771731057, "sum": 6737.317131519318, "min": 6.0558319091796875e-05, "max": 42.26160383224487}, "5": {"nome": "Tempo Cria\u00e7\u00e3o das Classes da Toolbox", "count": 1, "mean": 0.0003314018249511719, "sum": 0.0003314018249511719, "min": 0.0003314018249511719, "max": 0.0003314018249511719}, "6": {"nome": "Tempo Gera\u00e7\u00e3o de Pop. Inicial", "count": 1, "mean": 0.01553964614868164, "sum": 0.01553964614868164, "min": 0.01553964614868164, "max": 0.01553964614868164}, "7": {"nome": "Tempo Crossover e Muta\u00e7\u00e3o", "count": 50, "mean": 0.004174318313598633, "sum": 0.20871591567993164, "min": 0.0033693313598632812, "max": 0.017050504684448242}, "8": {"nome": "Tempo Manipula\u00e7\u00e3o de Fitness da Toolbox", "count": 50, "mean": 134.77053090572358, "sum": 6738.526545286179, "min": 0.022043704986572266, "max": 431.67687582969666}, "9": {"nome": "Tempo Para Sele\u00e7\u00e3o de Indiv\u00edduos de Acordo com o M\u00e9todo", "count": 50, "mean": 0.017356276512145996, "sum": 0.8678138256072998, "min": 0.014337301254272461, "max": 0.035044193267822266}, "10": {"nome": "Tempo Persist\u00eancia de Dados no meio da Execu\u00e7\u00e3o", "count": 50, "mean": 3.7862721157073973, "sum": 189.31360578536987, "min": 2.5510787963867188e-05, "max": 60.850804805755615}, "11": {"nome": "Tempo para Computar Estat\u00edsticas da Gera\u00e7\u00e3o", "count": 50, "mean": 0.0006333160400390625, "sum": 0.031665802001953125, "min": 0.00034165382385253906, "max": 0.005004405975341797}, "12": {"nome": "Tempo para Printar Resultados", "count": 51, "mean": 0.0012226198233810126, "sum": 0.06235361099243164, "min": 0.00048804283142089844, "max": 0.006096363067626953}, "13": {"nome": "Tempo Para Persistir Dados no Final da Execu\u00e7\u00e3o", "count": 1, "mean": 0.04282402992248535, "sum": 0.04282402992248535, "min": 0.04282402992248535, "max": 0.04282402992248535}}