{"1": {"nome": "Tempo Leitura Dataset", "count": 4, "mean": 2.3760796785354614, "sum": 9.504318714141846, "min": 2.1898505687713623, "max": 2.6680586338043213}, "2": {"nome": "Tempo Convers\u00e3o Array to CUDF", "count": 0, "mean": 0, "sum": 0, "min": null, "max": null}, "3": {"nome": "Tempo Leitura Fitness de Indiv\u00edduos Salvos", "count": 4, "mean": 0.000478208065032959, "sum": 0.001912832260131836, "min": 0.0003330707550048828, "max": 0.0006322860717773438}, "4": {"nome": "Tempo Avalia\u00e7\u00e3o Indiv\u00edduo", "count": 90, "mean": 0.26658650239308673, "sum": 23.992785215377808, "min": 2.2172927856445312e-05, "max": 0.8948922157287598}, "5": {"nome": "Tempo Cria\u00e7\u00e3o das Classes da Toolbox", "count": 3, "mean": 0.001246054967244466, "sum": 0.0037381649017333984, "min": 0.00016117095947265625, "max": 0.002960205078125}, "6": {"nome": "Tempo Gera\u00e7\u00e3o de Pop. Inicial", "count": 3, "mean": 0.0015645027160644531, "sum": 0.004693508148193359, "min": 0.0007517337799072266, "max": 0.0030519962310791016}, "7": {"nome": "Tempo Crossover e Muta\u00e7\u00e3o", "count": 10, "mean": 0.0006011724472045898, "sum": 0.0060117244720458984, "min": 0.0005490779876708984, "max": 0.0007011890411376953}, "8": {"nome": "Tempo Manipula\u00e7\u00e3o de Fitness da Toolbox", "count": 10, "mean": 2.3994486331939697, "sum": 23.994486331939697, "min": 0.0003323554992675781, "max": 3.485231399536133}, "9": {"nome": "Tempo Para Sele\u00e7\u00e3o de Indiv\u00edduos de Acordo com o M\u00e9todo", "count": 10, "mean": 0.033528923988342285, "sum": 0.33528923988342285, "min": 0.011169195175170898, "max": 0.045838356018066406}, "10": {"nome": "Tempo Persist\u00eancia de Dados no meio da Execu\u00e7\u00e3o", "count": 10, "mean": 1.4206863164901733, "sum": 14.206863164901733, "min": 7.152557373046875e-07, "max": 8.09310531616211}, "11": {"nome": "Tempo para Computar Estat\u00edsticas da Gera\u00e7\u00e3o", "count": 10, "mean": 0.0001976490020751953, "sum": 0.001976490020751953, "min": 0.00012493133544921875, "max": 0.00033593177795410156}, "12": {"nome": "Tempo para Printar Resultados", "count": 14, "mean": 0.0007645572934831892, "sum": 0.010703802108764648, "min": 0.00022077560424804688, "max": 0.0011219978332519531}, "13": {"nome": "Tempo Para Persistir Dados no Final da Execu\u00e7\u00e3o", "count": 2, "mean": 0.0013225078582763672, "sum": 0.0026450157165527344, "min": 0.0012726783752441406, "max": 0.0013723373413085938}}