{"1": {"nome": "Tempo Leitura Dataset", "count": 1, "mean": 99.07178211212158, "sum": 99.07178211212158, "min": 99.07178211212158, "max": 99.07178211212158}, "2": {"nome": "Tempo Convers\u00e3o Array to CUDF", "count": 0, "mean": 0, "sum": 0, "min": null, "max": null}, "3": {"nome": "Tempo Leitura Fitness de Indiv\u00edduos Salvos", "count": 1, "mean": 1.999098777770996, "sum": 1.999098777770996, "min": 1.999098777770996, "max": 1.999098777770996}, "4": {"nome": "Tempo Avalia\u00e7\u00e3o Indiv\u00edduo", "count": 3000, "mean": 6.630009105205536, "sum": 19890.027315616608, "min": 8.487701416015625e-05, "max": 81.30733633041382}, "5": {"nome": "Tempo Cria\u00e7\u00e3o das Classes da Toolbox", "count": 1, "mean": 0.00023651123046875, "sum": 0.00023651123046875, "min": 0.00023651123046875, "max": 0.00023651123046875}, "6": {"nome": "Tempo Gera\u00e7\u00e3o de Pop. Inicial", "count": 1, "mean": 0.014883756637573242, "sum": 0.014883756637573242, "min": 0.014883756637573242, "max": 0.014883756637573242}, "7": {"nome": "Tempo Crossover e Muta\u00e7\u00e3o", "count": 50, "mean": 0.0031862974166870115, "sum": 0.15931487083435059, "min": 0.0028922557830810547, "max": 0.003878355026245117}, "8": {"nome": "Tempo Manipula\u00e7\u00e3o de Fitness da Toolbox", "count": 50, "mean": 397.8235038614273, "sum": 19891.175193071365, "min": 287.2729742527008, "max": 497.44884181022644}, "9": {"nome": "Tempo Para Sele\u00e7\u00e3o de Indiv\u00edduos de Acordo com o M\u00e9todo", "count": 50, "mean": 54.3685175037384, "sum": 2718.42587518692, "min": 26.910824298858643, "max": 82.42589211463928}, "10": {"nome": "Tempo Persist\u00eancia de Dados no meio da Execu\u00e7\u00e3o", "count": 50, "mean": 4.887549967765808, "sum": 244.3774983882904, "min": 2.5033950805664062e-05, "max": 31.286579370498657}, "11": {"nome": "Tempo para Computar Estat\u00edsticas da Gera\u00e7\u00e3o", "count": 50, "mean": 0.0004784822463989258, "sum": 0.02392411231994629, "min": 0.0003459453582763672, "max": 0.000919342041015625}, "12": {"nome": "Tempo para Printar Resultados", "count": 51, "mean": 0.0008259100072524127, "sum": 0.04212141036987305, "min": 0.0006017684936523438, "max": 0.0012011528015136719}, "13": {"nome": "Tempo Para Persistir Dados no Final da Execu\u00e7\u00e3o", "count": 1, "mean": 13.687355995178223, "sum": 13.687355995178223, "min": 13.687355995178223, "max": 13.687355995178223}}