{"1": {"nome": "Tempo Leitura Dataset", "count": 3, "mean": 131.44661370913187, "sum": 394.33984112739563, "min": 130.5653154850006, "max": 132.789053440094}, "2": {"nome": "Tempo Convers\u00e3o Array to CUDF", "count": 0, "mean": 0, "sum": 0, "min": null, "max": null}, "3": {"nome": "Tempo Leitura Fitness de Indiv\u00edduos Salvos", "count": 3, "mean": 0.011014858881632486, "sum": 0.03304457664489746, "min": 0.006351470947265625, "max": 0.019572734832763672}, "4": {"nome": "Tempo Avalia\u00e7\u00e3o Indiv\u00edduo", "count": 9000, "mean": 3.728167173597548, "sum": 33553.50456237793, "min": 6.0558319091796875e-05, "max": 60.814566135406494}, "5": {"nome": "Tempo Cria\u00e7\u00e3o das Classes da Toolbox", "count": 3, "mean": 0.0021111170450846353, "sum": 0.006333351135253906, "min": 0.0003314018249511719, "max": 0.005280256271362305}, "6": {"nome": "Tempo Gera\u00e7\u00e3o de Pop. Inicial", "count": 3, "mean": 0.01448663075764974, "sum": 0.04345989227294922, "min": 0.013948202133178711, "max": 0.01553964614868164}, "7": {"nome": "Tempo Crossover e Muta\u00e7\u00e3o", "count": 150, "mean": 0.0037914514541625977, "sum": 0.5687177181243896, "min": 0.0031838417053222656, "max": 0.017050504684448242}, "8": {"nome": "Tempo Manipula\u00e7\u00e3o de Fitness da Toolbox", "count": 150, "mean": 223.71562848409016, "sum": 33557.344272613525, "min": 0.022043704986572266, "max": 530.5665900707245}, "9": {"nome": "Tempo Para Sele\u00e7\u00e3o de Indiv\u00edduos de Acordo com o M\u00e9todo", "count": 150, "mean": 0.016028138796488445, "sum": 2.4042208194732666, "min": 0.013216018676757812, "max": 0.035044193267822266}, "10": {"nome": "Tempo Persist\u00eancia de Dados no meio da Execu\u00e7\u00e3o", "count": 150, "mean": 9.366146814028422, "sum": 1404.9220221042633, "min": 2.3365020751953125e-05, "max": 60.850804805755615}, "11": {"nome": "Tempo para Computar Estat\u00edsticas da Gera\u00e7\u00e3o", "count": 150, "mean": 0.0005743201573689779, "sum": 0.08614802360534668, "min": 0.0003390312194824219, "max": 0.005004405975341797}, "12": {"nome": "Tempo para Printar Resultados", "count": 153, "mean": 0.0010673843957240286, "sum": 0.16330981254577637, "min": 0.0003101825714111328, "max": 0.006096363067626953}, "13": {"nome": "Tempo Para Persistir Dados no Final da Execu\u00e7\u00e3o", "count": 3, "mean": 0.03465620676676432, "sum": 0.10396862030029297, "min": 0.028943300247192383, "max": 0.04282402992248535}}