{"1": {"nome": "Tempo Leitura Dataset", "count": 2, "mean": 2.2189000844955444, "sum": 4.437800168991089, "min": 2.1935977935791016, "max": 2.2442023754119873}, "2": {"nome": "Tempo Convers\u00e3o Array to CUDF", "count": 0, "mean": 0, "sum": 0, "min": null, "max": null}, "3": {"nome": "Tempo Leitura Fitness de Indiv\u00edduos Salvos", "count": 2, "mean": 0.0008178949356079102, "sum": 0.0016357898712158203, "min": 0.000705718994140625, "max": 0.0009300708770751953}, "4": {"nome": "Tempo Avalia\u00e7\u00e3o Indiv\u00edduo", "count": 90, "mean": 0.16098246574401856, "sum": 14.48842191696167, "min": 2.2649765014648438e-05, "max": 0.7518539428710938}, "5": {"nome": "Tempo Cria\u00e7\u00e3o das Classes da Toolbox", "count": 2, "mean": 0.0008062124252319336, "sum": 0.0016124248504638672, "min": 0.0006055831909179688, "max": 0.0010068416595458984}, "6": {"nome": "Tempo Gera\u00e7\u00e3o de Pop. Inicial", "count": 2, "mean": 0.0007649660110473633, "sum": 0.0015299320220947266, "min": 0.0007014274597167969, "max": 0.0008285045623779297}, "7": {"nome": "Tempo Crossover e Muta\u00e7\u00e3o", "count": 10, "mean": 0.0005880355834960938, "sum": 0.0058803558349609375, "min": 0.0005600452423095703, "max": 0.0006330013275146484}, "8": {"nome": "Tempo Manipula\u00e7\u00e3o de Fitness da Toolbox", "count": 10, "mean": 1.4489877462387084, "sum": 14.489877462387085, "min": 0.000209808349609375, "max": 2.6568918228149414}, "9": {"nome": "Tempo Para Sele\u00e7\u00e3o de Indiv\u00edduos de Acordo com o M\u00e9todo", "count": 10, "mean": 0.03636784553527832, "sum": 0.3636784553527832, "min": 0.010529756546020508, "max": 0.049638986587524414}, "10": {"nome": "Tempo Persist\u00eancia de Dados no meio da Execu\u00e7\u00e3o", "count": 10, "mean": 1.6794924020767212, "sum": 16.794924020767212, "min": 7.152557373046875e-07, "max": 8.708945274353027}, "11": {"nome": "Tempo para Computar Estat\u00edsticas da Gera\u00e7\u00e3o", "count": 10, "mean": 0.00021195411682128906, "sum": 0.0021195411682128906, "min": 0.0001552104949951172, "max": 0.00035858154296875}, "12": {"nome": "Tempo para Printar Resultados", "count": 12, "mean": 0.0008204778035481771, "sum": 0.009845733642578125, "min": 0.00014138221740722656, "max": 0.001178741455078125}, "13": {"nome": "Tempo Para Persistir Dados no Final da Execu\u00e7\u00e3o", "count": 2, "mean": 0.0022546052932739258, "sum": 0.0045092105865478516, "min": 0.0019068717956542969, "max": 0.0026023387908935547}}