{"1": {"nome": "Tempo Leitura Dataset", "count": 2, "mean": 128.15992832183838, "sum": 256.31985664367676, "min": 127.10355257987976, "max": 129.216304063797}, "2": {"nome": "Tempo Convers\u00e3o Array to CUDF", "count": 0, "mean": 0, "sum": 0, "min": null, "max": null}, "3": {"nome": "Tempo Leitura Fitness de Indiv\u00edduos Salvos", "count": 2, "mean": 0.017589807510375977, "sum": 0.03517961502075195, "min": 0.010230779647827148, "max": 0.024948835372924805}, "4": {"nome": "Tempo Avalia\u00e7\u00e3o Indiv\u00edduo", "count": 6000, "mean": 6.022539354364077, "sum": 36135.23612618446, "min": 8.487701416015625e-05, "max": 37.25802564620972}, "5": {"nome": "Tempo Cria\u00e7\u00e3o das Classes da Toolbox", "count": 2, "mean": 0.004484891891479492, "sum": 0.008969783782958984, "min": 0.00036334991455078125, "max": 0.008606433868408203}, "6": {"nome": "Tempo Gera\u00e7\u00e3o de Pop. Inicial", "count": 2, "mean": 0.01454770565032959, "sum": 0.02909541130065918, "min": 0.013698101043701172, "max": 0.015397310256958008}, "7": {"nome": "Tempo Crossover e Muta\u00e7\u00e3o", "count": 100, "mean": 0.0033811116218566894, "sum": 0.33811116218566895, "min": 0.003048419952392578, "max": 0.003962039947509766}, "8": {"nome": "Tempo Manipula\u00e7\u00e3o de Fitness da Toolbox", "count": 100, "mean": 361.37177328109743, "sum": 36137.17732810974, "min": 0.015929698944091797, "max": 612.5987973213196}, "9": {"nome": "Tempo Para Sele\u00e7\u00e3o de Indiv\u00edduos de Acordo com o M\u00e9todo", "count": 100, "mean": 0.014894046783447266, "sum": 1.4894046783447266, "min": 0.012562274932861328, "max": 0.02575516700744629}, "10": {"nome": "Tempo Persist\u00eancia de Dados no meio da Execu\u00e7\u00e3o", "count": 100, "mean": 11.124270260334015, "sum": 1112.4270260334015, "min": 2.288818359375e-05, "max": 60.87375807762146}, "11": {"nome": "Tempo para Computar Estat\u00edsticas da Gera\u00e7\u00e3o", "count": 100, "mean": 0.0005101323127746582, "sum": 0.05101323127746582, "min": 0.0002942085266113281, "max": 0.0014176368713378906}, "12": {"nome": "Tempo para Printar Resultados", "count": 102, "mean": 0.0009180400885787665, "sum": 0.09364008903503418, "min": 0.0004742145538330078, "max": 0.0025756359100341797}, "13": {"nome": "Tempo Para Persistir Dados no Final da Execu\u00e7\u00e3o", "count": 2, "mean": 0.05040323734283447, "sum": 0.10080647468566895, "min": 0.042983293533325195, "max": 0.05782318115234375}}