{"1": {"nome": "Tempo Leitura Dataset", "count": 1, "mean": 107.06748008728027, "sum": 107.06748008728027, "min": 107.06748008728027, "max": 107.06748008728027}, "2": {"nome": "Tempo Convers\u00e3o Array to CUDF", "count": 0, "mean": 0, "sum": 0, "min": null, "max": null}, "3": {"nome": "Tempo Leitura Fitness de Indiv\u00edduos Salvos", "count": 1, "mean": 1.9874987602233887, "sum": 1.9874987602233887, "min": 1.9874987602233887, "max": 1.9874987602233887}, "4": {"nome": "Tempo Avalia\u00e7\u00e3o Indiv\u00edduo", "count": 3000, "mean": 7.213567751248678, "sum": 21640.703253746033, "min": 8.96453857421875e-05, "max": 23.988264322280884}, "5": {"nome": "Tempo Cria\u00e7\u00e3o das Classes da Toolbox", "count": 1, "mean": 0.0003345012664794922, "sum": 0.0003345012664794922, "min": 0.0003345012664794922, "max": 0.0003345012664794922}, "6": {"nome": "Tempo Gera\u00e7\u00e3o de Pop. Inicial", "count": 1, "mean": 0.015456438064575195, "sum": 0.015456438064575195, "min": 0.015456438064575195, "max": 0.015456438064575195}, "7": {"nome": "Tempo Crossover e Muta\u00e7\u00e3o", "count": 50, "mean": 0.003384690284729004, "sum": 0.1692345142364502, "min": 0.0031359195709228516, "max": 0.0043256282806396484}, "8": {"nome": "Tempo Manipula\u00e7\u00e3o de Fitness da Toolbox", "count": 50, "mean": 432.84069446086886, "sum": 21642.03472304344, "min": 305.73045587539673, "max": 558.8102827072144}, "9": {"nome": "Tempo Para Sele\u00e7\u00e3o de Indiv\u00edduos de Acordo com o M\u00e9todo", "count": 50, "mean": 58.65479008674622, "sum": 2932.739504337311, "min": 33.900688886642456, "max": 81.74330544471741}, "10": {"nome": "Tempo Persist\u00eancia de Dados no meio da Execu\u00e7\u00e3o", "count": 50, "mean": 13.254809975624084, "sum": 662.7404987812042, "min": 2.1457672119140625e-05, "max": 80.77164816856384}, "11": {"nome": "Tempo para Computar Estat\u00edsticas da Gera\u00e7\u00e3o", "count": 50, "mean": 0.0005927181243896484, "sum": 0.029635906219482422, "min": 0.00037288665771484375, "max": 0.0012297630310058594}, "12": {"nome": "Tempo para Printar Resultados", "count": 51, "mean": 0.000924839692957261, "sum": 0.04716682434082031, "min": 0.0005507469177246094, "max": 0.0018630027770996094}, "13": {"nome": "Tempo Para Persistir Dados no Final da Execu\u00e7\u00e3o", "count": 1, "mean": 14.189290046691895, "sum": 14.189290046691895, "min": 14.189290046691895, "max": 14.189290046691895}}