{"1": {"nome": "Tempo Leitura Dataset", "count": 1, "mean": 130.2803976535797, "sum": 130.2803976535797, "min": 130.2803976535797, "max": 130.2803976535797}, "2": {"nome": "Tempo Convers\u00e3o Array to CUDF", "count": 0, "mean": 0, "sum": 0, "min": null, "max": null}, "3": {"nome": "Tempo Leitura Fitness de Indiv\u00edduos Salvos", "count": 1, "mean": 0.0016238689422607422, "sum": 0.0016238689422607422, "min": 0.0016238689422607422, "max": 0.0016238689422607422}, "4": {"nome": "Tempo Avalia\u00e7\u00e3o Indiv\u00edduo", "count": 3000, "mean": 7.616586051781972, "sum": 22849.758155345917, "min": 0.00011086463928222656, "max": 57.87629818916321}, "5": {"nome": "Tempo Cria\u00e7\u00e3o das Classes da Toolbox", "count": 1, "mean": 0.00045299530029296875, "sum": 0.00045299530029296875, "min": 0.00045299530029296875, "max": 0.00045299530029296875}, "6": {"nome": "Tempo Gera\u00e7\u00e3o de Pop. Inicial", "count": 1, "mean": 0.01815199851989746, "sum": 0.01815199851989746, "min": 0.01815199851989746, "max": 0.01815199851989746}, "7": {"nome": "Tempo Crossover e Muta\u00e7\u00e3o", "count": 50, "mean": 0.0037695789337158204, "sum": 0.18847894668579102, "min": 0.003331899642944336, "max": 0.006439685821533203}, "8": {"nome": "Tempo Manipula\u00e7\u00e3o de Fitness da Toolbox", "count": 50, "mean": 457.0286233186722, "sum": 22851.43116593361, "min": 339.92038106918335, "max": 1052.7320084571838}, "9": {"nome": "Tempo Para Sele\u00e7\u00e3o de Indiv\u00edduos de Acordo com o M\u00e9todo", "count": 50, "mean": 50.56959059238434, "sum": 2528.479529619217, "min": 26.016391277313232, "max": 81.94124460220337}, "10": {"nome": "Tempo Persist\u00eancia de Dados no meio da Execu\u00e7\u00e3o", "count": 50, "mean": 3.397655239105225, "sum": 169.88276195526123, "min": 2.6464462280273438e-05, "max": 23.828288316726685}, "11": {"nome": "Tempo para Computar Estat\u00edsticas da Gera\u00e7\u00e3o", "count": 50, "mean": 0.0006494235992431641, "sum": 0.0324711799621582, "min": 0.00042629241943359375, "max": 0.0017707347869873047}, "12": {"nome": "Tempo para Printar Resultados", "count": 51, "mean": 0.0010843323726280063, "sum": 0.05530095100402832, "min": 0.0003921985626220703, "max": 0.0017538070678710938}, "13": {"nome": "Tempo Para Persistir Dados no Final da Execu\u00e7\u00e3o", "count": 1, "mean": 9.58048963546753, "sum": 9.58048963546753, "min": 9.58048963546753, "max": 9.58048963546753}}