{"1": {"nome": "Tempo Leitura Dataset", "count": 3, "mean": 2.4381560484568277, "sum": 7.314468145370483, "min": 2.3098719120025635, "max": 2.6680586338043213}, "2": {"nome": "Tempo Convers\u00e3o Array to CUDF", "count": 0, "mean": 0, "sum": 0, "min": null, "max": null}, "3": {"nome": "Tempo Leitura Fitness de Indiv\u00edduos Salvos", "count": 3, "mean": 0.0004649162292480469, "sum": 0.0013947486877441406, "min": 0.0003330707550048828, "max": 0.0006322860717773438}, "4": {"nome": "Tempo Avalia\u00e7\u00e3o Indiv\u00edduo", "count": 45, "mean": 0.2936955134073893, "sum": 13.21629810333252, "min": 2.3126602172851562e-05, "max": 0.8948922157287598}, "5": {"nome": "Tempo Cria\u00e7\u00e3o das Classes da Toolbox", "count": 2, "mean": 0.0015606880187988281, "sum": 0.0031213760375976562, "min": 0.00016117095947265625, "max": 0.002960205078125}, "6": {"nome": "Tempo Gera\u00e7\u00e3o de Pop. Inicial", "count": 2, "mean": 0.0019708871841430664, "sum": 0.003941774368286133, "min": 0.0008897781372070312, "max": 0.0030519962310791016}, "7": {"nome": "Tempo Crossover e Muta\u00e7\u00e3o", "count": 5, "mean": 0.0006176471710205078, "sum": 0.003088235855102539, "min": 0.0005490779876708984, "max": 0.0007011890411376953}, "8": {"nome": "Tempo Manipula\u00e7\u00e3o de Fitness da Toolbox", "count": 5, "mean": 2.643445873260498, "sum": 13.21722936630249, "min": 1.9197998046875, "max": 3.3818411827087402}, "9": {"nome": "Tempo Para Sele\u00e7\u00e3o de Indiv\u00edduos de Acordo com o M\u00e9todo", "count": 5, "mean": 0.035210800170898435, "sum": 0.1760540008544922, "min": 0.015645265579223633, "max": 0.045838356018066406}, "10": {"nome": "Tempo Persist\u00eancia de Dados no meio da Execu\u00e7\u00e3o", "count": 5, "mean": 1.6186218738555909, "sum": 8.093109369277954, "min": 7.152557373046875e-07, "max": 8.09310531616211}, "11": {"nome": "Tempo para Computar Estat\u00edsticas da Gera\u00e7\u00e3o", "count": 5, "mean": 0.00021572113037109374, "sum": 0.0010786056518554688, "min": 0.00016236305236816406, "max": 0.00031828880310058594}, "12": {"nome": "Tempo para Printar Resultados", "count": 8, "mean": 0.0007440745830535889, "sum": 0.005952596664428711, "min": 0.00022077560424804688, "max": 0.0010833740234375}, "13": {"nome": "Tempo Para Persistir Dados no Final da Execu\u00e7\u00e3o", "count": 1, "mean": 0.0013723373413085938, "sum": 0.0013723373413085938, "min": 0.0013723373413085938, "max": 0.0013723373413085938}}