{"0": {"gen": 0, "min": [0.29623264999999904], "max": [0.36181768333333353], "mean": [0.3456236061111111]}, "1": {"gen": 1, "min": [0.29623264999999904], "max": [0.36181768333333353], "mean": [0.34585560666666637]}, "2": {"gen": 2, "min": [0.29623264999999904], "max": [0.36181768333333353], "mean": [0.3446668444444443]}, "3": {"gen": 3, "min": [0.29623264999999904], "max": [0.36181768333333353], "mean": [0.35298640666666664]}, "4": {"gen": 4, "min": [0.30434848333333464], "max": [0.36181768333333353], "mean": [0.3553234377777778]}, "5": {"gen": 5, "min": [0.3224158166666667], "max": [0.36181768333333353], "mean": [0.35573504944444445]}, "6": {"gen": 6, "min": [0.33093514999999973], "max": [0.36181768333333353], "mean": [0.3562636116666667]}, "7": {"gen": 7, "min": [0.3332942833333334], "max": [0.36292676666666646], "mean": [0.35768693666666673]}, "8": {"gen": 8, "min": [0.3440847833333343], "max": [0.36292676666666646], "mean": [0.3584739044444445]}, "9": {"gen": 9, "min": [0.33631628333333297], "max": [0.3630350833333331], "mean": [0.35855092833333324]}, "10": {"gen": 10, "min": [0.32477659999999925], "max": [0.3636189500000007], "mean": [0.3573253833333334]}, "11": {"gen": 11, "min": [0.32477659999999925], "max": [0.3636189500000007], "mean": [0.35531674444444433]}, "12": {"gen": 12, "min": [0.32490821666666525], "max": [0.3630350833333331], "mean": [0.35536533555555555]}, "13": {"gen": 13, "min": [0.32490821666666525], "max": [0.3630350833333331], "mean": [0.3569313538888888]}, "14": {"gen": 14, "min": [0.32905325000000096], "max": [0.3630350833333331], "mean": [0.35785869111111096]}, "15": {"gen": 15, "min": [0.3292405166666671], "max": [0.3630350833333331], "mean": [0.3573014083333331]}, "16": {"gen": 16, "min": [0.33127781666666656], "max": [0.3630350833333331], "mean": [0.3571286583333332]}, "17": {"gen": 17, "min": [0.3353769500000006], "max": [0.3630350833333331], "mean": [0.3566137994444444]}, "18": {"gen": 18, "min": [0.3352996333333326], "max": [0.36327863333333305], "mean": [0.35765128222222214]}, "19": {"gen": 19, "min": [0.3347426999999999], "max": [0.36327863333333305], "mean": [0.35836926444444434]}, "20": {"gen": 20, "min": [0.3362123499999999], "max": [0.36327863333333305], "mean": [0.35701177333333317]}, "21": {"gen": 21, "min": [0.3336121666666667], "max": [0.36327863333333305], "mean": [0.3535888649999999]}, "22": {"gen": 22, "min": [0.33211798333333314], "max": [0.36327863333333305], "mean": [0.3532360177777775]}, "23": {"gen": 23, "min": [0.3317921166666662], "max": [0.36327863333333305], "mean": [0.35719510444444413]}, "24": {"gen": 24, "min": [0.3317921166666662], "max": [0.36327863333333305], "mean": [0.35657912944444425]}, "25": {"gen": 25, "min": [0.33219689999999974], "max": [0.36327863333333305], "mean": [0.3575608911111111]}, "26": {"gen": 26, "min": [0.33369490000000024], "max": [0.36327863333333305], "mean": [0.35717941222222216]}, "27": {"gen": 27, "min": [0.3380255166666663], "max": [0.36327863333333305], "mean": [0.3581497083333333]}, "28": {"gen": 28, "min": [0.3393868166666668], "max": [0.36327863333333305], "mean": [0.35871828999999994]}, "29": {"gen": 29, "min": [0.33966641666666686], "max": [0.36327863333333305], "mean": [0.35776213944444446]}, "30": {"gen": 30, "min": [0.3306276333333331], "max": [0.36327863333333305], "mean": [0.356876196111111]}, "31": {"gen": 31, "min": [0.32974963333333407], "max": [0.36327863333333305], "mean": [0.3555481077777778]}, "32": {"gen": 32, "min": [0.33188124999999946], "max": [0.36327863333333305], "mean": [0.35680245111111103]}, "33": {"gen": 33, "min": [0.3356060333333329], "max": [0.36327863333333305], "mean": [0.3566129783333332]}, "34": {"gen": 34, "min": [0.33055426666666743], "max": [0.36327863333333305], "mean": [0.3556950899999999]}, "35": {"gen": 35, "min": [0.3256895833333332], "max": [0.36327863333333305], "mean": [0.3546808472222222]}, "36": {"gen": 36, "min": [0.33844660000000026], "max": [0.36327863333333305], "mean": [0.3575937133333333]}, "37": {"gen": 37, "min": [0.3352257666666666], "max": [0.36426768333333387], "mean": [0.3585722622222222]}, "38": {"gen": 38, "min": [0.33479263333333364], "max": [0.36426768333333387], "mean": [0.3576458261111111]}, "39": {"gen": 39, "min": [0.3382040833333326], "max": [0.36426768333333387], "mean": [0.35858550166666653]}, "40": {"gen": 40, "min": [0.3410050000000001], "max": [0.36426768333333387], "mean": [0.35909523722222203]}, "41": {"gen": 41, "min": [0.33503401666666677], "max": [0.36426768333333387], "mean": [0.3591457155555553]}, "42": {"gen": 42, "min": [0.33495891666666583], "max": [0.36426768333333387], "mean": [0.35791220444444427]}, "43": {"gen": 43, "min": [0.33503401666666677], "max": [0.36426768333333387], "mean": [0.35531531888888873]}, "44": {"gen": 44, "min": [0.33413773333333285], "max": [0.36426768333333387], "mean": [0.3546648477777778]}, "45": {"gen": 45, "min": [0.33503401666666677], "max": [0.36426768333333387], "mean": [0.35793723277777817]}, "46": {"gen": 46, "min": [0.3425434166666665], "max": [0.36426768333333387], "mean": [0.3601347111111115]}, "47": {"gen": 47, "min": [0.3321851499999997], "max": [0.36426768333333387], "mean": [0.35843187388888936]}, "48": {"gen": 48, "min": [0.33753548333333294], "max": [0.36426768333333387], "mean": [0.3586938027777783]}, "49": {"gen": 49, "min": [0.3402838333333326], "max": [0.36426768333333387], "mean": [0.3592512644444446]}}