{"0": {"gen": 0, "min": [0.3050114499999998], "max": [0.36250391666666737], "mean": [0.3455821361111112]}, "1": {"gen": 1, "min": [0.3050114499999998], "max": [0.36250391666666737], "mean": [0.34519545666666673]}, "2": {"gen": 2, "min": [0.3050114499999998], "max": [0.36250391666666737], "mean": [0.34996958555555596]}, "3": {"gen": 3, "min": [0.3234301166666661], "max": [0.36250391666666737], "mean": [0.3544048600000004]}, "4": {"gen": 4, "min": [0.3244659333333325], "max": [0.36250391666666737], "mean": [0.3555337772222227]}, "5": {"gen": 5, "min": [0.3251822166666662], "max": [0.36250391666666737], "mean": [0.3567390983333337]}, "6": {"gen": 6, "min": [0.3287150000000003], "max": [0.36250391666666737], "mean": [0.35748668666666716]}, "7": {"gen": 7, "min": [0.33033721666666593], "max": [0.3626789499999994], "mean": [0.3572695394444447]}, "8": {"gen": 8, "min": [0.3312686999999991], "max": [0.362702716666667], "mean": [0.35725305000000035]}, "9": {"gen": 9, "min": [0.3314294666666657], "max": [0.36284803333333365], "mean": [0.35636379888888925]}, "10": {"gen": 10, "min": [0.33051195], "max": [0.36284803333333365], "mean": [0.3559236361111114]}, "11": {"gen": 11, "min": [0.329788383333333], "max": [0.36313848333333354], "mean": [0.35316492944444433]}, "12": {"gen": 12, "min": [0.32974066666666596], "max": [0.3633089666666678], "mean": [0.3546575316666666]}, "13": {"gen": 13, "min": [0.3364152499999997], "max": [0.3633089666666678], "mean": [0.3570846022222219]}, "14": {"gen": 14, "min": [0.3364152499999997], "max": [0.3633089666666678], "mean": [0.3591627138888887]}, "15": {"gen": 15, "min": [0.3364152499999997], "max": [0.3633089666666678], "mean": [0.3548928011111109]}, "16": {"gen": 16, "min": [0.325215666666666], "max": [0.3633089666666678], "mean": [0.3575597061111109]}, "17": {"gen": 17, "min": [0.325215666666666], "max": [0.3633089666666678], "mean": [0.3612578133333332]}, "18": {"gen": 18, "min": [0.325215666666666], "max": [0.3633089666666678], "mean": [0.3613842683333336]}, "19": {"gen": 19, "min": [0.325215666666666], "max": [0.3633089666666678], "mean": [0.36145463555555585]}, "20": {"gen": 20, "min": [0.325215666666666], "max": [0.3633089666666678], "mean": [0.36155497055555574]}, "21": {"gen": 21, "min": [0.33405224999999983], "max": [0.3634309], "mean": [0.3610326294444451]}, "22": {"gen": 22, "min": [0.33405224999999983], "max": [0.3635894499999995], "mean": [0.3600352377777784]}, "23": {"gen": 23, "min": [0.3365788999999993], "max": [0.3637236333333337], "mean": [0.3601967572222222]}, "24": {"gen": 24, "min": [0.3471135166666664], "max": [0.3637236333333337], "mean": [0.3622142338888889]}, "25": {"gen": 25, "min": [0.35472383333333174], "max": [0.3637236333333337], "mean": [0.36289547611111117]}, "26": {"gen": 26, "min": [0.3577809833333328], "max": [0.3637236333333337], "mean": [0.36266786388888905]}, "27": {"gen": 27, "min": [0.3577809833333328], "max": [0.3637236333333337], "mean": [0.3631511538888892]}, "28": {"gen": 28, "min": [0.3577809833333328], "max": [0.3637236333333337], "mean": [0.3631741011111116]}, "29": {"gen": 29, "min": [0.3337167999999992], "max": [0.3637236333333337], "mean": [0.3596347600000005]}, "30": {"gen": 30, "min": [0.33270123333333324], "max": [0.3638359666666664], "mean": [0.3595547216666669]}, "31": {"gen": 31, "min": [0.3348952000000001], "max": [0.3642591166666674], "mean": [0.3594033966666668]}, "32": {"gen": 32, "min": [0.33102753333333246], "max": [0.3642591166666674], "mean": [0.3549165872222221]}, "33": {"gen": 33, "min": [0.3348952000000001], "max": [0.3642591166666674], "mean": [0.35576653999999996]}, "34": {"gen": 34, "min": [0.3283081499999989], "max": [0.3642591166666674], "mean": [0.35189071999999977]}, "35": {"gen": 35, "min": [0.32754994999999987], "max": [0.3642591166666674], "mean": [0.3476437866666661]}, "36": {"gen": 36, "min": [0.328206416666666], "max": [0.3642591166666674], "mean": [0.3494748672222219]}, "37": {"gen": 37, "min": [0.33445855000000013], "max": [0.3642591166666674], "mean": [0.3539718855555552]}, "38": {"gen": 38, "min": [0.33064295], "max": [0.3652613333333351], "mean": [0.35442802722222205]}, "39": {"gen": 39, "min": [0.3283369000000004], "max": [0.3652613333333351], "mean": [0.3565482638888888]}, "40": {"gen": 40, "min": [0.3283369000000004], "max": [0.3652613333333351], "mean": [0.35473813499999995]}, "41": {"gen": 41, "min": [0.3195238999999992], "max": [0.3652613333333351], "mean": [0.3547641366666665]}, "42": {"gen": 42, "min": [0.3195238999999992], "max": [0.3652613333333351], "mean": [0.3521451427777774]}, "43": {"gen": 43, "min": [0.32806670000000027], "max": [0.3652613333333351], "mean": [0.3543562749999997]}, "44": {"gen": 44, "min": [0.32806670000000027], "max": [0.3652613333333351], "mean": [0.3552953933333327]}, "45": {"gen": 45, "min": [0.3267400499999998], "max": [0.3652613333333351], "mean": [0.35365453555555465]}, "46": {"gen": 46, "min": [0.3358016166666666], "max": [0.3652613333333351], "mean": [0.3578230327777769]}, "47": {"gen": 47, "min": [0.3265243333333336], "max": [0.3652613333333351], "mean": [0.35578384722222206]}, "48": {"gen": 48, "min": [0.3265243333333336], "max": [0.3652613333333351], "mean": [0.35529928666666666]}, "49": {"gen": 49, "min": [0.3320718166666669], "max": [0.3652613333333351], "mean": [0.3527442327777776]}}