{"0": {"gen": 0, "min": [0.3126532000000006, 0.39430757966710606, 12.0], "max": [0.3752518000000006, 0.43254809021770846, 136.0], "mean": [0.35506440600000005, 0.4204741638596773, 73.48]}, "1": {"gen": 1, "min": [0.3126532000000006, 0.39430757966710606, 12.0], "max": [0.3752518000000006, 0.43254809021770846, 136.0], "mean": [0.35176403900000003, 0.41850774159755516, 72.64]}, "2": {"gen": 2, "min": [0.3126532000000006, 0.39430757966710606, 12.0], "max": [0.3752518000000006, 0.43254809021770846, 136.0], "mean": [0.3560746289999999, 0.42106437026972815, 79.8]}, "3": {"gen": 3, "min": [0.3126532000000006, 0.39430757966710606, 12.0], "max": [0.3752518000000006, 0.43254809021770846, 136.0], "mean": [0.35618494099999976, 0.42114301204717236, 82.44]}, "4": {"gen": 4, "min": [0.3126532000000006, 0.39430757966710606, 12.0], "max": [0.3752518000000006, 0.43254809021770846, 136.0], "mean": [0.3631560780000001, 0.42533637634618926, 95.72]}, "5": {"gen": 5, "min": [0.3126532000000006, 0.39430757966710606, 12.0], "max": [0.3752518000000006, 0.43254809021770846, 136.0], "mean": [0.3645496650000002, 0.426152772932644, 97.9]}, "6": {"gen": 6, "min": [0.3126532000000006, 0.39430757966710606, 12.0], "max": [0.3752518000000006, 0.43254809021770846, 136.0], "mean": [0.3658719450000005, 0.4269396311668877, 101.76]}, "7": {"gen": 7, "min": [0.3126532000000006, 0.39430757966710606, 12.0], "max": [0.3752518000000006, 0.43254809021770846, 136.0], "mean": [0.36364838500000024, 0.4256185651592563, 94.84]}, "8": {"gen": 8, "min": [0.3116574999999997, 0.3936855225550808, 12.0], "max": [0.3752518000000006, 0.43254809021770846, 136.0], "mean": [0.36442571700000037, 0.42604576054422294, 105.72]}, "9": {"gen": 9, "min": [0.3126532000000006, 0.39430757966710606, 12.0], "max": [0.37607775000000043, 0.4329520716672601, 136.0], "mean": [0.36332981200000025, 0.4254083365313748, 102.38]}, "10": {"gen": 10, "min": [0.3126532000000006, 0.39430757966710606, 12.0], "max": [0.37607775000000043, 0.4329520716672601, 136.0], "mean": [0.36044886900000017, 0.4236536500281241, 93.56]}, "11": {"gen": 11, "min": [0.3126532000000006, 0.39430757966710606, 12.0], "max": [0.37607775000000043, 0.4329520716672601, 136.0], "mean": [0.35678918800000015, 0.42146725624372555, 85.34]}, "12": {"gen": 12, "min": [0.3126532000000006, 0.39430757966710606, 12.0], "max": [0.37607775000000043, 0.4329520716672601, 119.0], "mean": [0.3515690090000001, 0.4182761050021866, 75.84]}, "13": {"gen": 13, "min": [0.3126532000000006, 0.39430757966710606, 12.0], "max": [0.37607775000000043, 0.4329520716672601, 107.0], "mean": [0.3447974380000003, 0.4141112654552561, 64.6]}, "14": {"gen": 14, "min": [0.3126532000000006, 0.39430757966710606, 12.0], "max": [0.37607775000000043, 0.4329520716672601, 107.0], "mean": [0.34090609000000005, 0.41173179176731894, 58.2]}, "15": {"gen": 15, "min": [0.3126532000000006, 0.39430757966710606, 12.0], "max": [0.37607775000000043, 0.4329520716672601, 106.0], "mean": [0.3306913069999999, 0.4054574517098338, 42.26]}, "16": {"gen": 16, "min": [0.3126532000000006, 0.39430757966710606, 12.0], "max": [0.37607775000000043, 0.4329520716672601, 106.0], "mean": [0.337674861, 0.4097635512149602, 47.64]}, "17": {"gen": 17, "min": [0.3126532000000006, 0.39430757966710606, 12.0], "max": [0.37607775000000043, 0.4329520716672601, 105.0], "mean": [0.3314537369999999, 0.4059240090164178, 41.9]}, "18": {"gen": 18, "min": [0.3087366499999996, 0.39177424503657593, 12.0], "max": [0.37607775000000043, 0.4329520716672601, 98.0], "mean": [0.34160144700000006, 0.41219224661347675, 52.58]}, "19": {"gen": 19, "min": [0.3087366499999996, 0.39177424503657593, 12.0], "max": [0.37607775000000043, 0.4329520716672601, 98.0], "mean": [0.3358407489999999, 0.408650699513799, 45.08]}, "20": {"gen": 20, "min": [0.3087366499999996, 0.39177424503657593, 16.0], "max": [0.37607775000000043, 0.4329520716672601, 98.0], "mean": [0.34485849300000004, 0.4141696696447707, 56.46]}, "21": {"gen": 21, "min": [0.3087366499999996, 0.39177424503657593, 16.0], "max": [0.37607775000000043, 0.4329520716672601, 92.0], "mean": [0.3425329610000001, 0.41272586908818676, 53.78]}, "22": {"gen": 22, "min": [0.3087366499999996, 0.39177424503657593, 16.0], "max": [0.37607775000000043, 0.4329520716672601, 92.0], "mean": [0.34358442200000006, 0.41328150796709034, 53.96]}, "23": {"gen": 23, "min": [0.3087366499999996, 0.39177424503657593, 16.0], "max": [0.3763354000000008, 0.4330949018266099, 92.0], "mean": [0.35709504900000005, 0.42156854859181075, 67.84]}, "24": {"gen": 24, "min": [0.3087366499999996, 0.39177424503657593, 16.0], "max": [0.3762118500000005, 0.4330839694503767, 92.0], "mean": [0.35014493099999994, 0.4174310347280093, 58.64]}, "25": {"gen": 25, "min": [0.3087366499999996, 0.39177424503657593, 16.0], "max": [0.3762118500000005, 0.4330839694503767, 92.0], "mean": [0.3503962909999999, 0.4175355323085022, 56.26]}, "26": {"gen": 26, "min": [0.3087366499999996, 0.39177424503657593, 16.0], "max": [0.3762118500000005, 0.4330839694503767, 86.0], "mean": [0.34852531400000003, 0.41642443414763425, 54.56]}, "27": {"gen": 27, "min": [0.3105160500000002, 0.3929624625394797, 18.0], "max": [0.3762118500000005, 0.4330839694503767, 86.0], "mean": [0.34382833699999993, 0.41354710270197786, 51.0]}, "28": {"gen": 28, "min": [0.3105160500000002, 0.3929624625394797, 18.0], "max": [0.3762118500000005, 0.4330839694503767, 86.0], "mean": [0.337784454, 0.40982777231328327, 45.68]}, "29": {"gen": 29, "min": [0.3105160500000002, 0.3929624625394797, 18.0], "max": [0.3762118500000005, 0.4330839694503767, 86.0], "mean": [0.33265938500000014, 0.4066455850566249, 40.46]}, "30": {"gen": 30, "min": [0.3105160500000002, 0.3929624625394797, 18.0], "max": [0.3762118500000005, 0.4330839694503767, 86.0], "mean": [0.3385146340000001, 0.41027300666272415, 45.58]}, "31": {"gen": 31, "min": [0.3105160500000002, 0.3929624625394797, 18.0], "max": [0.3762118500000005, 0.4330839694503767, 86.0], "mean": [0.32941745100000014, 0.40465692257141683, 37.94]}, "32": {"gen": 32, "min": [0.3105160500000002, 0.3929624625394797, 18.0], "max": [0.3762118500000005, 0.4330839694503767, 86.0], "mean": [0.33563322600000006, 0.40851816706363664, 42.68]}, "33": {"gen": 33, "min": [0.3105160500000002, 0.3929624625394797, 18.0], "max": [0.3762118500000005, 0.4330839694503767, 86.0], "mean": [0.3289457160000001, 0.4043547032802835, 35.34]}, "34": {"gen": 34, "min": [0.3105160500000002, 0.3929624625394797, 18.0], "max": [0.3762118500000005, 0.4330839694503767, 86.0], "mean": [0.336570525, 0.409111620052824, 42.02]}, "35": {"gen": 35, "min": [0.3105160500000002, 0.3929624625394797, 16.0], "max": [0.3762118500000005, 0.4330839694503767, 86.0], "mean": [0.3298447980000001, 0.4049278806414259, 36.8]}, "36": {"gen": 36, "min": [0.3105160500000002, 0.3929624625394797, 16.0], "max": [0.3762118500000005, 0.4330839694503767, 86.0], "mean": [0.3361237210000001, 0.40883190635595335, 43.74]}, "37": {"gen": 37, "min": [0.3105160500000002, 0.3929624625394797, 16.0], "max": [0.3762118500000005, 0.4330839694503767, 86.0], "mean": [0.33191741600000024, 0.40622643912391576, 39.84]}, "38": {"gen": 38, "min": [0.3105160500000002, 0.3929624625394797, 16.0], "max": [0.3762118500000005, 0.4330839694503767, 86.0], "mean": [0.336676694, 0.40918197045334814, 45.36]}, "39": {"gen": 39, "min": [0.3105160500000002, 0.3929624625394797, 16.0], "max": [0.37769729999999957, 0.43381742063796147, 86.0], "mean": [0.330909033, 0.405591430815184, 37.54]}, "40": {"gen": 40, "min": [0.3047675000000002, 0.38935879201771495, 15.0], "max": [0.37769729999999957, 0.43381742063796147, 86.0], "mean": [0.3346235889999999, 0.40789192064996127, 39.9]}, "41": {"gen": 41, "min": [0.3047675000000002, 0.38935879201771495, 15.0], "max": [0.37807984999999905, 0.4339686841754786, 86.0], "mean": [0.3382967749999998, 0.41013829567191157, 43.56]}, "42": {"gen": 42, "min": [0.3047675000000002, 0.38935879201771495, 15.0], "max": [0.3781977500000002, 0.4340591476185711, 86.0],