{"0": {"gen": 0, "min": [0.3623926833333336, 0.37437036865432777], "max": [0.3623926833333336, 0.37437036865432777], "mean": [0.3623926833333336, 0.37437036865432777]}, "1": {"gen": 1, "min": [0.3623926833333336, 0.37437036865432777], "max": [0.3623926833333336, 0.37437036865432777], "mean": [0.3623926833333336, 0.37437036865432777]}}