{"0": {"gen": 0, "min": [0.3059912499999999, 0.3904891523337356, 10.0], "max": [0.36613860000000004, 0.42747708185887956, 136.0], "mean": [0.348956478, 0.4170941567459291, 76.42]}, "1": {"gen": 1, "min": [0.3059912499999999, 0.3904891523337356, 10.0], "max": [0.36613860000000004, 0.42747708185887956, 136.0], "mean": [0.3497099659999999, 0.41755371925570556, 77.82]}, "2": {"gen": 2, "min": [0.3059912499999999, 0.3904891523337356, 10.0], "max": [0.36613860000000004, 0.42747708185887956, 136.0], "mean": [0.347594797, 0.41628483962407997, 79.48]}, "3": {"gen": 3, "min": [0.3059912499999999, 0.3904891523337356, 10.0], "max": [0.36613860000000004, 0.42747708185887956, 136.0], "mean": [0.347821605, 0.4164254330242854, 81.64]}, "4": {"gen": 4, "min": [0.3059912499999999, 0.3904891523337356, 10.0], "max": [0.36613860000000004, 0.42747708185887956, 136.0], "mean": [0.35321980999999986, 0.419679629739947, 97.64]}, "5": {"gen": 5, "min": [0.3059912499999999, 0.3904891523337356, 10.0], "max": [0.3664640500000004, 0.42766631403498434, 136.0], "mean": [0.35489897899999984, 0.4206832469552007, 105.14]}, "6": {"gen": 6, "min": [0.3059912499999999, 0.3904891523337356, 10.0], "max": [0.3664640500000004, 0.42766631403498434, 136.0], "mean": [0.35090039799999984, 0.41826737698542155, 89.96]}, "7": {"gen": 7, "min": [0.3059912499999999, 0.3904891523337356, 10.0], "max": [0.3664640500000004, 0.42766631403498434, 136.0], "mean": [0.34717197899999985, 0.4159764864420579, 80.24]}, "8": {"gen": 8, "min": [0.3059912499999999, 0.3904891523337356, 10.0], "max": [0.3664640500000004, 0.42766631403498434, 130.0], "mean": [0.34201844300000006, 0.41278231805582655, 73.9]}, "9": {"gen": 9, "min": [0.3059912499999999, 0.3904891523337356, 10.0], "max": [0.3664640500000004, 0.42766631403498434, 130.0], "mean": [0.33703632699999986, 0.40972092523733056, 61.92]}, "10": {"gen": 10, "min": [0.3059912499999999, 0.3904891523337356, 10.0], "max": [0.3664640500000004, 0.42766631403498434, 130.0], "mean": [0.329044089, 0.40479302808585815, 46.84]}, "11": {"gen": 11, "min": [0.3059912499999999, 0.3904891523337356, 10.0], "max": [0.3664640500000004, 0.42766631403498434, 130.0], "mean": [0.33378224999999995, 0.407744375228114, 53.2]}, "12": {"gen": 12, "min": [0.3059912499999999, 0.3904891523337356, 10.0], "max": [0.3664640500000004, 0.42766631403498434, 130.0], "mean": [0.32713451699999996, 0.4036114541543245, 42.52]}, "13": {"gen": 13, "min": [0.3059912499999999, 0.3904891523337356, 10.0], "max": [0.3664640500000004, 0.42766631403498434, 130.0], "mean": [0.3319776289999999, 0.40664024301740753, 49.1]}, "14": {"gen": 14, "min": [0.3059912499999999, 0.3904891523337356, 10.0], "max": [0.3664640500000004, 0.42766631403498434, 130.0], "mean": [0.32325693699999986, 0.4012375380415192, 34.54]}, "15": {"gen": 15, "min": [0.3059912499999999, 0.3904891523337356, 10.0], "max": [0.3664640500000004, 0.42766631403498434, 130.0], "mean": [0.33054783299999996, 0.4057826388483418, 44.98]}, "16": {"gen": 16, "min": [0.3059912499999999, 0.3904891523337356, 10.0], "max": [0.3664640500000004, 0.42766631403498434, 130.0], "mean": [0.326456037, 0.40318359516143665, 38.28]}, "17": {"gen": 17, "min": [0.3059912499999999, 0.3904891523337356, 10.0], "max": [0.3664640500000004, 0.42766631403498434, 130.0], "mean": [0.33002844699999995, 0.40541984921054053, 44.26]}, "18": {"gen": 18, "min": [0.3059912499999999, 0.3904891523337356, 10.0], "max": [0.3664640500000004, 0.42766631403498434, 130.0], "mean": [0.322179862, 0.400563723977427, 34.96]}, "19": {"gen": 19, "min": [0.3059912499999999, 0.3904891523337356, 10.0], "max": [0.3664640500000004, 0.42766631403498434, 130.0], "mean": [0.33355099600000004, 0.40762597997401234, 48.6]}, "20": {"gen": 20, "min": [0.3059912499999999, 0.3904891523337356, 10.0], "max": [0.3664640500000004, 0.42766631403498434, 130.0], "mean": [0.3281404379999999, 0.4042470152433165, 42.42]}, "21": {"gen": 21, "min": [0.30772534999999895, 0.39164400116553594, 13.0], "max": [0.3664640500000004, 0.42766631403498434, 130.0], "mean": [0.340420432, 0.41188523524131815, 64.14]}, "22": {"gen": 22, "min": [0.3043004500000001, 0.3893103277202587, 19.0], "max": [0.3664640500000004, 0.42766631403498434, 130.0], "mean": [0.34208922900000016, 0.41290519812795295, 73.14]}, "23": {"gen": 23, "min": [0.30772534999999895, 0.39164400116553594, 19.0], "max": [0.3664640500000004, 0.42766631403498434, 130.0], "mean": [0.3408674090000002, 0.41218472578546134, 67.76]}, "24": {"gen": 24, "min": [0.30772534999999895, 0.39164400116553594, 19.0], "max": [0.3664640500000004, 0.42766631403498434, 130.0], "mean": [0.34512999199999994, 0.4147448848930986, 79.18]}, "25": {"gen": 25, "min": [0.30772534999999895, 0.39164400116553594, 19.0], "max": [0.3664640500000004, 0.42766631403498434, 130.0], "mean": [0.3438995480000001, 0.4140189204501526, 72.22]}, "26": {"gen": 26, "min": [0.30772534999999895, 0.39164400116553594, 19.0], "max": [0.3664640500000004, 0.42766631403498434, 130.0], "mean": [0.34881735900000016, 0.4169978414087806, 82.62]}, "27": {"gen": 27, "min": [0.30772534999999895, 0.39164400116553594, 19.0], "max": [0.3664640500000004, 0.42766631403498434, 130.0], "mean": [0.3465976610000001, 0.41566836465828516, 74.88]}, "28": {"gen": 28, "min": [0.30772534999999895, 0.39164400116553594, 19.0], "max": [0.3664640500000004, 0.42766631403498434, 130.0], "mean": [0.35204042600000013, 0.41895322054419615, 89.68]}, "29": {"gen": 29, "min": [0.30772534999999895, 0.39164400116553594, 19.0], "max": [0.3664640500000004, 0.42766631403498434, 130.0], "mean": [0.3517755640000004, 0.41880290838626955, 89.42]}, "30": {"gen": 30, "min": [0.30772534999999895, 0.39164400116553594, 19.0], "max": [0.3664640500000004, 0.42766631403498434, 130.0], "mean": [0.35500352000000057, 0.4207451409662876, 96.88]}, "31": {"gen": 31, "min": [0.30772534999999895, 0.39164400116553594, 19.0], "max": [0.3664640500000004, 0.42766631403498434, 130.0], "mean": [0.3525258750000004, 0.41925670801687664, 89.08]}, "32": {"gen": 32, "min": [0.30772534999999895, 0.39164400116553594, 19.0], "max": [0.36791955, 0.42837842170228474, 130.0], "mean": [0.35655786400000056, 0.42168257751400806, 101.04]}, "33": {"gen": 33, "min": [0.30772534999999895, 0.39164400116553594, 19.0], "max": [0.36791955, 0.42837842170228474, 130.0], "mean": [0.35147711800000025, 0.41860254942760045, 86.94]}, "34": {"gen": 34, "min": [0.30772534999999895, 0.39164400116553594, 19.0], "max": [0.36791955, 0.42838350560406935, 116.0], "mean": [0.34666235, 0.4157053077767401, 75.16]}, "35": {"gen": 35, "min": [0.30772534999999895, 0.39164400116553594, 19.0], "max": [0.36791955, 0.42837842170228474, 116.0], "mean": [0.35032887599999996, 0.4179351255623695, 78.16]}, "36": {"gen": 36, "min": [0.30772534999999895, 0.39164400116553594, 19.0], "max": [0.36791955, 0.42837842170228474, 116.0], "mean": [0.35073142400000007, 0.41817681719555166, 78.22]}, "37": {"gen": 37, "min": [0.30772534999999895, 0.39164400116553594, 19.0], "max": [0.36791955, 0.42837842170228474, 116.0], "mean": [0.3478588839999999, 0.41644749463669606, 78.78]}, "38": {"gen": 38, "min": [0.30772534999999895, 0.39164400116553594, 19.0], "max": [0.36791955, 0.42837842170228474, 116.0], "mean": [0.3507425870000001, 0.41817486060071896, 77.08]}, "39": {"gen": 39, "min": [0.30772534999999895, 0.39164400116553594, 19.0], "max": [0.36791955, 0.42837842170228474, 116.0], "mean": [0.35300033899999994, 0.41952900332010656, 79.38]}, "40": {"gen": 40, "min": [0.30772534999999895, 0.39164400116553594, 19.0], "max": [0.36791955, 0.42837842170228474, 116.0], "mean": [0.35360806799999983, 0.41991250971043487, 79.8]}, "41": {"gen": 41, "min": [0.30772534999999895, 0.39164400116553594, 19.0], "max": [0.36791955, 0.42837842170228474, 116.0], "mean": [0.352658378, 0.41932612442375716, 78.78]}, "42": {"gen": 42, "min": [0.30772534999999895, 0.39164400116553594, 19.0], "max": [0.36791955, 0.42837842170228474, 116.0],