{"0": {"gen": 0, "min": [0.3050114499999998], "max": [0.36250391666666737], "mean": [0.34578127333333347]}, "1": {"gen": 1, "min": [0.3050114499999998], "max": [0.36250391666666737], "mean": [0.3464585983333332]}, "2": {"gen": 2, "min": [0.3050114499999998], "max": [0.36250391666666737], "mean": [0.3421154005555557]}, "3": {"gen": 3, "min": [0.3050114499999998], "max": [0.36250391666666737], "mean": [0.35259800277777825]}, "4": {"gen": 4, "min": [0.3130527666666662], "max": [0.3631421833333323], "mean": [0.35466492277777806]}, "5": {"gen": 5, "min": [0.3228725166666661], "max": [0.3631421833333323], "mean": [0.35560334666666715]}, "6": {"gen": 6, "min": [0.3210348666666665], "max": [0.36365911666666695], "mean": [0.355662380555556]}, "7": {"gen": 7, "min": [0.3220377166666662], "max": [0.3641097166666659], "mean": [0.3571394416666669]}, "8": {"gen": 8, "min": [0.32572566666666597], "max": [0.3641097166666659], "mean": [0.35697260277777804]}, "9": {"gen": 9, "min": [0.3294868500000002], "max": [0.3647840000000005], "mean": [0.3593429911111113]}, "10": {"gen": 10, "min": [0.329328483333333], "max": [0.3651500499999984], "mean": [0.3598028877777776]}, "11": {"gen": 11, "min": [0.329328483333333], "max": [0.3647840000000005], "mean": [0.35744710999999996]}, "12": {"gen": 12, "min": [0.32724356666666654], "max": [0.3647840000000005], "mean": [0.3591558972222221]}, "13": {"gen": 13, "min": [0.3267122500000006], "max": [0.3647840000000005], "mean": [0.35964102166666634]}, "14": {"gen": 14, "min": [0.3267122500000006], "max": [0.3647840000000005], "mean": [0.3576285088888883]}, "15": {"gen": 15, "min": [0.3286343999999992], "max": [0.3647840000000005], "mean": [0.35812149277777744]}, "16": {"gen": 16, "min": [0.3286343999999992], "max": [0.3647840000000005], "mean": [0.3612843449999996]}, "17": {"gen": 17, "min": [0.3286343999999992], "max": [0.3647840000000005], "mean": [0.35629174611111114]}, "18": {"gen": 18, "min": [0.323377933333334], "max": [0.3647840000000005], "mean": [0.3577021961111116]}, "19": {"gen": 19, "min": [0.32953103333333383], "max": [0.3647840000000005], "mean": [0.3587086666666669]}, "20": {"gen": 20, "min": [0.33103496666666643], "max": [0.3647840000000005], "mean": [0.36050172666666686]}, "21": {"gen": 21, "min": [0.325665566666666], "max": [0.3647840000000005], "mean": [0.35871472055555553]}, "22": {"gen": 22, "min": [0.33268494999999987], "max": [0.3647840000000005], "mean": [0.3587703966666667]}, "23": {"gen": 23, "min": [0.3347391499999989], "max": [0.3647840000000005], "mean": [0.35966796666666684]}, "24": {"gen": 24, "min": [0.33832329999999905], "max": [0.3647840000000005], "mean": [0.3598467511111112]}, "25": {"gen": 25, "min": [0.33481584999999997], "max": [0.3647840000000005], "mean": [0.3590584266666667]}, "26": {"gen": 26, "min": [0.33603006666666724], "max": [0.3647840000000005], "mean": [0.35954638555555557]}, "27": {"gen": 27, "min": [0.3337728999999996], "max": [0.3647840000000005], "mean": [0.35832694611111116]}, "28": {"gen": 28, "min": [0.3329210666666654], "max": [0.3647840000000005], "mean": [0.35851559055555576]}, "29": {"gen": 29, "min": [0.33123996666666594], "max": [0.3647840000000005], "mean": [0.35809128888888897]}, "30": {"gen": 30, "min": [0.3325069166666663], "max": [0.36479486666666705], "mean": [0.3584635094444446]}, "31": {"gen": 31, "min": [0.3351724333333334], "max": [0.36479486666666705], "mean": [0.35813530444444447]}, "32": {"gen": 32, "min": [0.32916906666666573], "max": [0.36479486666666705], "mean": [0.35739742722222206]}, "33": {"gen": 33, "min": [0.3281765333333319], "max": [0.3648005333333334], "mean": [0.3535502466666662]}, "34": {"gen": 34, "min": [0.32761656666666494], "max": [0.3648005333333334], "mean": [0.35340600999999966]}, "35": {"gen": 35, "min": [0.32753651666666617], "max": [0.3648005333333334], "mean": [0.3542281544444443]}, "36": {"gen": 36, "min": [0.32753651666666617], "max": [0.3648005333333334], "mean": [0.3540000416666667]}, "37": {"gen": 37, "min": [0.32628926666666597], "max": [0.3648005333333334], "mean": [0.35748795944444456]}, "38": {"gen": 38, "min": [0.3261182999999995], "max": [0.3649259833333333], "mean": [0.35551783944444454]}, "39": {"gen": 39, "min": [0.3282421500000003], "max": [0.3649259833333333], "mean": [0.35881273055555557]}, "40": {"gen": 40, "min": [0.3282421500000003], "max": [0.3649259833333333], "mean": [0.3549537366666666]}, "41": {"gen": 41, "min": [0.3282421500000003], "max": [0.3649259833333333], "mean": [0.3591125183333333]}, "42": {"gen": 42, "min": [0.3282421500000003], "max": [0.3649259833333333], "mean": [0.35741640944444414]}, "43": {"gen": 43, "min": [0.3376041000000007], "max": [0.3649259833333333], "mean": [0.3612596127777776]}, "44": {"gen": 44, "min": [0.34090378333333277], "max": [0.3649259833333333], "mean": [0.362073483333333]}, "45": {"gen": 45, "min": [0.34404188333333263], "max": [0.36496028333333297], "mean": [0.36144103722222193]}, "46": {"gen": 46, "min": [0.3302838666666664], "max": [0.36496028333333297], "mean": [0.36122366722222193]}, "47": {"gen": 47, "min": [0.3344261333333331], "max": [0.36496028333333297], "mean": [0.3606886888888886]}, "48": {"gen": 48, "min": [0.3340060000000006], "max": [0.36496028333333297], "mean": [0.3592937416666665]}, "49": {"gen": 49, "min": [0.33803328333333305], "max": [0.36496028333333297], "mean": [0.3597065016666665]}}