{"0": {"gen": 0, "min": [0.29156666666666664, 0.2587665474189412], "max": [0.35302, 0.3012139217270146], "mean": [0.33842066666666665, 0.2769870965503264]}, "1": {"gen": 1, "min": [0.29156666666666664, 0.2587665474189412], "max": [0.3730033333333333, 0.30369229607233256], "mean": [0.34408866666666665, 0.28101641330050736]}, "2": {"gen": 2, "min": [0.35302, 0.28615042914937194], "max": [0.3730033333333333, 0.30369229607233256], "mean": [0.36500999999999995, 0.2966755493031483]}, "3": {"gen": 3, "min": [0.3730033333333333, 0.30369229607233256], "max": [0.3730033333333333, 0.30369229607233256], "mean": [0.3730033333333333, 0.30369229607233256]}, "4": {"gen": 4, "min": [0.3730033333333333, 0.3011447823401993], "max": [0.37722333333333335, 0.30369229607233256], "mean": [0.3738473333333333, 0.30318279332590586]}}