{"0": {"gen": 0, "min": [0.3059912499999999, 0.3904891523337356, 10.0], "max": [0.36613860000000004, 0.42747708185887956, 136.0], "mean": [0.349120993, 0.41718731323046543, 74.96]}, "1": {"gen": 1, "min": [0.3059912499999999, 0.3904891523337356, 10.0], "max": [0.36613860000000004, 0.42747708185887956, 136.0], "mean": [0.348195888, 0.41664546302058786, 77.8]}, "2": {"gen": 2, "min": [0.3059912499999999, 0.3904891523337356, 10.0], "max": [0.36613860000000004, 0.42747708185887956, 136.0], "mean": [0.3451056350000002, 0.4148028822382648, 79.64]}, "3": {"gen": 3, "min": [0.3059912499999999, 0.3904891523337356, 10.0], "max": [0.3670630999999997, 0.42797692161978834, 136.0], "mean": [0.3490805259999999, 0.41716353229421704, 82.48]}, "4": {"gen": 4, "min": [0.3059912499999999, 0.3904891523337356, 10.0], "max": [0.3670630999999997, 0.42797692161978834, 128.0], "mean": [0.3451984500000001, 0.41483674833000256, 78.84]}, "5": {"gen": 5, "min": [0.3059912499999999, 0.3904891523337356, 10.0], "max": [0.3670630999999997, 0.42797692161978834, 128.0], "mean": [0.34925175299999994, 0.4172830760863097, 81.0]}, "6": {"gen": 6, "min": [0.3059912499999999, 0.3904891523337356, 10.0], "max": [0.3671912000000004, 0.42809254487048376, 131.0], "mean": [0.34698218999999997, 0.4159203637342437, 78.54]}, "7": {"gen": 7, "min": [0.3059912499999999, 0.3904891523337356, 10.0], "max": [0.3675697000000003, 0.4282700133687347, 132.0], "mean": [0.346113169, 0.4153609386426199, 79.36]}, "8": {"gen": 8, "min": [0.3059912499999999, 0.3904891523337356, 10.0], "max": [0.3675697000000003, 0.4282700133687347, 131.0], "mean": [0.347027844, 0.4159342831883175, 79.8]}, "9": {"gen": 9, "min": [0.3059912499999999, 0.3904891523337356, 10.0], "max": [0.3675697000000003, 0.4282700133687347, 124.0], "mean": [0.3477102890000001, 0.4163383483065378, 79.3]}, "10": {"gen": 10, "min": [0.3059912499999999, 0.3904891523337356, 10.0], "max": [0.3677489500000004, 0.4283755689416276, 124.0], "mean": [0.34580904900000015, 0.41519098936850773, 80.46]}, "11": {"gen": 11, "min": [0.3059912499999999, 0.3904891523337356, 10.0], "max": [0.36828455000000027, 0.4286814639523486, 124.0], "mean": [0.3476588340000002, 0.41629429935050444, 81.66]}, "12": {"gen": 12, "min": [0.3059912499999999, 0.3904891523337356, 10.0], "max": [0.36831685, 0.4286814639523486, 105.0], "mean": [0.342987536, 0.4134881506337063, 72.52]}, "13": {"gen": 13, "min": [0.3059912499999999, 0.3904891523337356, 10.0], "max": [0.36831685, 0.4286814639523486, 102.0], "mean": [0.3467973210000001, 0.4157859651182125, 73.1]}, "14": {"gen": 14, "min": [0.3059912499999999, 0.3904891523337356, 10.0], "max": [0.36831685, 0.4286814639523486, 93.0], "mean": [0.34333601599999997, 0.4136927575069883, 70.28]}, "15": {"gen": 15, "min": [0.3059912499999999, 0.3904891523337356, 10.0], "max": [0.36831685, 0.42868005684326077, 105.0], "mean": [0.3453394199999999, 0.41488019841568224, 72.2]}, "16": {"gen": 16, "min": [0.3059912499999999, 0.3904891523337356, 10.0], "max": [0.3687887499999999, 0.4289481600693303, 95.0], "mean": [0.3444098459999999, 0.4143133195848296, 72.18]}, "17": {"gen": 17, "min": [0.3059912499999999, 0.3904891523337356, 10.0], "max": [0.3687887499999999, 0.4289481600693303, 91.0], "mean": [0.35200306199999964, 0.4188663048047762, 75.2]}, "18": {"gen": 18, "min": [0.3059912499999999, 0.3904891523337356, 10.0], "max": [0.3687887499999999, 0.4289481600693303, 95.0], "mean": [0.34950855499999983, 0.41739169721241043, 74.56]}, "19": {"gen": 19, "min": [0.3059912499999999, 0.3904891523337356, 10.0], "max": [0.3687887499999999, 0.4289481600693303, 95.0], "mean": [0.3455349429999999, 0.4150023034417564, 70.96]}, "20": {"gen": 20, "min": [0.3059912499999999, 0.3904891523337356, 10.0], "max": [0.3687887499999999, 0.4289481600693303, 92.0], "mean": [0.3451834340000001, 0.4147851951976719, 71.68]}, "21": {"gen": 21, "min": [0.3059912499999999, 0.3904891523337356, 10.0], "max": [0.3687887499999999, 0.4289481600693303, 96.0], "mean": [0.3455850789999999, 0.41500650278846424, 71.26]}, "22": {"gen": 22, "min": [0.3059912499999999, 0.3904891523337356, 10.0], "max": [0.36948705000000026, 0.42933716724669435, 96.0], "mean": [0.3426173699999998, 0.4132253800519958, 70.56]}, "23": {"gen": 23, "min": [0.3059912499999999, 0.3904891523337356, 10.0], "max": [0.36948705000000026, 0.42933716724669435, 96.0], "mean": [0.346094669, 0.4152910913673995, 71.22]}, "24": {"gen": 24, "min": [0.3059912499999999, 0.3904891523337356, 10.0], "max": [0.36975875000000025, 0.429517076712741, 89.0], "mean": [0.3435717040000001, 0.41378692806667033, 68.7]}, "25": {"gen": 25, "min": [0.3059912499999999, 0.3904891523337356, 10.0], "max": [0.36975875000000025, 0.429517076712741, 89.0], "mean": [0.35203143499999995, 0.4188755298973563, 74.1]}, "26": {"gen": 26, "min": [0.3059912499999999, 0.3904891523337356, 10.0], "max": [0.36975875000000025, 0.429517076712741, 89.0], "mean": [0.34697914999999996, 0.4158654386834184, 70.62]}, "27": {"gen": 27, "min": [0.3059912499999999, 0.3904891523337356, 10.0], "max": [0.36975875000000025, 0.429517076712741, 94.0], "mean": [0.347397181, 0.41610541708466103, 71.1]}, "28": {"gen": 28, "min": [0.3059912499999999, 0.3904891523337356, 10.0], "max": [0.36975875000000025, 0.429517076712741, 89.0], "mean": [0.34778307599999997, 0.41634254522869213, 70.84]}, "29": {"gen": 29, "min": [0.3059912499999999, 0.3904891523337356, 10.0], "max": [0.36975875000000025, 0.429517076712741, 89.0], "mean": [0.3477223759999999, 0.416272876359505, 72.5]}, "30": {"gen": 30, "min": [0.3059912499999999, 0.3904891523337356, 10.0], "max": [0.36975875000000025, 0.429517076712741, 89.0], "mean": [0.3511934059999999, 0.41835889416672195, 74.9]}, "31": {"gen": 31, "min": [0.3059912499999999, 0.3904891523337356, 10.0], "max": [0.37014775000000016, 0.429746036194857, 91.0], "mean": [0.3437839289999998, 0.41395798338837403, 69.64]}, "32": {"gen": 32, "min": [0.3059912499999999, 0.3904891523337356, 10.0], "max": [0.37014775000000016, 0.429746036194857, 91.0], "mean": [0.3423314829999999, 0.4130686554371917, 68.46]}, "33": {"gen": 33, "min": [0.3059912499999999, 0.3904891523337356, 10.0], "max": [0.37014775000000016, 0.429746036194857, 91.0], "mean": [0.34609389799999996, 0.4153134896678502, 69.62]}, "34": {"gen": 34, "min": [0.3059912499999999, 0.3904891523337356, 10.0], "max": [0.37014775000000016, 0.429746036194857, 91.0], "mean": [0.3447342670000001, 0.4145116763165806, 70.78]}, "35": {"gen": 35, "min": [0.3059912499999999, 0.3904891523337356, 10.0], "max": [0.37014775000000016, 0.429746036194857, 86.0], "mean": [0.34334218800000005, 0.41369758991468975, 71.4]}, "36": {"gen": 36, "min": [0.3059912499999999, 0.3904891523337356, 10.0], "max": [0.37036215, 0.4298483887633407, 89.0], "mean": [0.3447025630000002, 0.41448748462232216, 71.6]}, "37": {"gen": 37, "min": [0.3059912499999999, 0.3904891523337356, 10.0], "max": [0.37036215, 0.4298483887633407, 88.0], "mean": [0.34615148900000015, 0.41534775265260265, 73.48]}, "38": {"gen": 38, "min": [0.3059912499999999, 0.3904891523337356, 10.0], "max": [0.37041730000000006, 0.4299048552097317, 88.0], "mean": [0.34100447399999995, 0.41225915259358925, 70.3]}, "39": {"gen": 39, "min": [0.3059912499999999, 0.3904891523337356, 10.0], "max": [0.37052235, 0.42993816224657205, 88.0], "mean": [0.34466644800000007, 0.41444514422766787, 72.08]}, "40": {"gen": 40, "min": [0.3059912499999999, 0.3904891523337356, 10.0], "max": [0.37052235, 0.42993816224657205, 87.0], "mean": [0.3404230880000001, 0.411878180856797, 70.6]}, "41": {"gen": 41, "min": [0.3059912499999999, 0.3904891523337356, 10.0], "max": [0.37052235, 0.42993816224657205, 94.0], "mean": [0.341837222, 0.4127285232142565, 70.72]}, "42": {"gen": 42, "min": [0.3059912499999999, 0.3904891523337356, 10.0], "max": [0.37052235, 0.42993816224657205, 94.0], "mean": [0.34577275999999985, 0.41510826483178875, 72.94]}, "43": {"gen": 43, "min": [0.3059912499999999, 0.3904891523337356, 10.0],