{"0": {"gen": 0, "min": [0.30455366666666717], "max": [0.3637397999999988], "mean": [0.34855135222222206]}, "1": {"gen": 1, "min": [0.30455366666666717], "max": [0.3637397999999988], "mean": [0.3490209438888885]}, "2": {"gen": 2, "min": [0.30455366666666717], "max": [0.3637397999999988], "mean": [0.3527982627777773]}, "3": {"gen": 3, "min": [0.32711451666666613], "max": [0.3637397999999988], "mean": [0.3582419972222216]}, "4": {"gen": 4, "min": [0.3295941833333332], "max": [0.364968449999999], "mean": [0.35952316888888813]}, "5": {"gen": 5, "min": [0.3289633833333341], "max": [0.36521616666666645], "mean": [0.3592028277777773]}, "6": {"gen": 6, "min": [0.33597524999999956], "max": [0.36521616666666645], "mean": [0.36016335444444364]}, "7": {"gen": 7, "min": [0.3364107833333333], "max": [0.36521616666666645], "mean": [0.36029867499999946]}, "8": {"gen": 8, "min": [0.33479943333333306], "max": [0.36521616666666645], "mean": [0.35977599166666613]}, "9": {"gen": 9, "min": [0.33610625], "max": [0.36521616666666645], "mean": [0.359504293333333]}, "10": {"gen": 10, "min": [0.3364107833333333], "max": [0.36521616666666645], "mean": [0.36076700777777754]}, "11": {"gen": 11, "min": [0.336479933333333], "max": [0.36521616666666645], "mean": [0.3625674149999997]}, "12": {"gen": 12, "min": [0.3388598833333333], "max": [0.3655096166666664], "mean": [0.36360034111111084]}, "13": {"gen": 13, "min": [0.35477576666666694], "max": [0.3655096166666664], "mean": [0.36393299333333295]}, "14": {"gen": 14, "min": [0.3433266000000003], "max": [0.3655096166666664], "mean": [0.3621967461111107]}, "15": {"gen": 15, "min": [0.3413899000000004], "max": [0.3657906499999991], "mean": [0.36014298111111065]}, "16": {"gen": 16, "min": [0.34175446666666653], "max": [0.3662809166666657], "mean": [0.3623637338888884]}, "17": {"gen": 17, "min": [0.34203236666666614], "max": [0.3655096166666664], "mean": [0.36096555111111045]}, "18": {"gen": 18, "min": [0.34203236666666614], "max": [0.3655096166666664], "mean": [0.3619108266666657]}, "19": {"gen": 19, "min": [0.34042076666666704], "max": [0.36601966666666513], "mean": [0.3596824955555551]}, "20": {"gen": 20, "min": [0.34042076666666704], "max": [0.36601966666666513], "mean": [0.35757232111111115]}, "21": {"gen": 21, "min": [0.33470543333333286], "max": [0.3655096166666664], "mean": [0.35680089777777757]}, "22": {"gen": 22, "min": [0.3326506999999999], "max": [0.3655096166666664], "mean": [0.3580675444444442]}, "23": {"gen": 23, "min": [0.3326506999999999], "max": [0.3655096166666664], "mean": [0.3586468716666663]}, "24": {"gen": 24, "min": [0.3326506999999999], "max": [0.3655096166666664], "mean": [0.357045959444444]}, "25": {"gen": 25, "min": [0.3333136999999996], "max": [0.3655096166666664], "mean": [0.35935548333333317]}, "26": {"gen": 26, "min": [0.3333136999999996], "max": [0.3655096166666664], "mean": [0.3579180544444441]}, "27": {"gen": 27, "min": [0.33606146666666686], "max": [0.3655096166666664], "mean": [0.3604442122222219]}, "28": {"gen": 28, "min": [0.33454366666666724], "max": [0.36601071666666585], "mean": [0.3590722105555552]}, "29": {"gen": 29, "min": [0.3357307166666664], "max": [0.36601071666666585], "mean": [0.3597480272222219]}, "30": {"gen": 30, "min": [0.3390752333333342], "max": [0.36601071666666585], "mean": [0.36005139611111064]}, "31": {"gen": 31, "min": [0.35889711666666624], "max": [0.36601071666666585], "mean": [0.36528261111111066]}, "32": {"gen": 32, "min": [0.35889711666666624], "max": [0.36601071666666585], "mean": [0.3651437055555551]}, "33": {"gen": 33, "min": [0.3420400833333332], "max": [0.36601071666666585], "mean": [0.3644957744444438]}, "34": {"gen": 34, "min": [0.33069103333333266], "max": [0.36610164999999956], "mean": [0.3613896955555552]}, "35": {"gen": 35, "min": [0.33655579999999996], "max": [0.36610164999999956], "mean": [0.3606212699999996]}, "36": {"gen": 36, "min": [0.3299416499999994], "max": [0.36610164999999956], "mean": [0.3645095599999993]}, "37": {"gen": 37, "min": [0.3599874833333331], "max": [0.36610164999999956], "mean": [0.3657239866666661]}, "38": {"gen": 38, "min": [0.33820141666666625], "max": [0.36610164999999956], "mean": [0.36334418888888853]}, "39": {"gen": 39, "min": [0.33820141666666625], "max": [0.36610164999999956], "mean": [0.361903483333333]}, "40": {"gen": 40, "min": [0.33905629999999937], "max": [0.36610164999999956], "mean": [0.3607050472222217]}, "41": {"gen": 41, "min": [0.3464792500000003], "max": [0.36610164999999956], "mean": [0.36093623722222185]}, "42": {"gen": 42, "min": [0.3363212000000007], "max": [0.36610164999999956], "mean": [0.3603313338888885]}, "43": {"gen": 43, "min": [0.33318933333333334], "max": [0.36610164999999956], "mean": [0.3600457355555552]}, "44": {"gen": 44, "min": [0.33079226666666606], "max": [0.36610164999999956], "mean": [0.35987591722222173]}, "45": {"gen": 45, "min": [0.33340224999999973], "max": [0.36610164999999956], "mean": [0.35898215888888835]}, "46": {"gen": 46, "min": [0.3408194999999997], "max": [0.36610164999999956], "mean": [0.3617506938888885]}, "47": {"gen": 47, "min": [0.34153091666666585], "max": [0.36610164999999956], "mean": [0.3607944627777773]}, "48": {"gen": 48, "min": [0.34630671666666724], "max": [0.36610164999999956], "mean": [0.36190153722222185]}, "49": {"gen": 49, "min": [0.35269955000000025], "max": [0.36610164999999956], "mean": [0.36253703333333287]}}