{"0": {"gen": 0, "min": [0.3050114499999998, 0.32906], "max": [0.36250391666666737, 0.37454], "mean": [0.34578127333333347, 0.36157966666666663]}, "1": {"gen": 1, "min": [0.3050114499999998, 0.32906], "max": [0.36250391666666737, 0.37454], "mean": [0.34645859833333315, 0.36201800000000006]}, "2": {"gen": 2, "min": [0.3050114499999998, 0.32906], "max": [0.36250391666666737, 0.37454], "mean": [0.3421154005555556, 0.3585390000000001]}, "3": {"gen": 3, "min": [0.3050114499999998, 0.32906], "max": [0.36250391666666737, 0.37454], "mean": [0.35259800277777825, 0.3668816666666665]}, "4": {"gen": 4, "min": [0.3130527666666662, 0.33658], "max": [0.3631421833333323, 0.37454], "mean": [0.35465588166666695, 0.3684263333333332]}, "5": {"gen": 5, "min": [0.32365453333333316, 0.34494], "max": [0.3631421833333323, 0.37454], "mean": [0.3551724633333338, 0.3688496666666665]}, "6": {"gen": 6, "min": [0.3297726833333338, 0.34953], "max": [0.36365911666666695, 0.37476], "mean": [0.3562888288888893, 0.3695763333333332]}, "7": {"gen": 7, "min": [0.32952379999999887, 0.34964], "max": [0.36411841666666633, 0.37521], "mean": [0.35777105500000034, 0.3707076666666665]}, "8": {"gen": 8, "min": [0.3315443333333339, 0.35156], "max": [0.36411841666666633, 0.37521], "mean": [0.35686634888888924, 0.37000799999999984]}, "9": {"gen": 9, "min": [0.3350046333333345, 0.35396], "max": [0.36433878333333336, 0.37548], "mean": [0.359067626666667, 0.3715946666666666]}, "10": {"gen": 10, "min": [0.3350046333333345, 0.35396], "max": [0.3647910999999995, 0.37563], "mean": [0.3583996399999998, 0.3711116666666666]}, "11": {"gen": 11, "min": [0.3350046333333345, 0.35396], "max": [0.36433878333333336, 0.37548], "mean": [0.3591651727777779, 0.3715716666666667]}, "12": {"gen": 12, "min": [0.3341999666666675, 0.35283], "max": [0.36433878333333336, 0.37548], "mean": [0.35767629777777793, 0.37030533333333326]}, "13": {"gen": 13, "min": [0.3341999666666675, 0.35283], "max": [0.3641390000000005, 0.37546], "mean": [0.35821426333333334, 0.370858]}, "14": {"gen": 14, "min": [0.3384761000000001, 0.3552], "max": [0.36411841666666633, 0.37521], "mean": [0.3601662794444444, 0.3722653333333331]}, "15": {"gen": 15, "min": [0.3385183333333325, 0.35545], "max": [0.36438675000000037, 0.37546], "mean": [0.3616797616666665, 0.3733583333333331]}, "16": {"gen": 16, "min": [0.33878604999999984, 0.35639], "max": [0.36438675000000037, 0.37546], "mean": [0.3614156655555555, 0.3732009999999998]}, "17": {"gen": 17, "min": [0.36411841666666633, 0.37521], "max": [0.36438675000000037, 0.37546], "mean": [0.3641452499999998, 0.37523499999999976]}, "18": {"gen": 18, "min": [0.3224614999999997, 0.34473], "max": [0.3645118500000008, 0.37599], "mean": [0.36197009333333324, 0.37361466666666643]}, "19": {"gen": 19, "min": [0.3224614999999997, 0.34473], "max": [0.3645118500000008, 0.37599], "mean": [0.36260184666666656, 0.3741363333333331]}, "20": {"gen": 20, "min": [0.3255923499999999, 0.34732], "max": [0.3645118500000008, 0.37599], "mean": [0.3616725116666668, 0.3734746666666665]}, "21": {"gen": 21, "min": [0.3255923499999999, 0.34732], "max": [0.3645118500000008, 0.37599], "mean": [0.359316127222222, 0.37171133333333345]}, "22": {"gen": 22, "min": [0.33673821666666676, 0.3543], "max": [0.3645118500000008, 0.37599], "mean": [0.3606235672222222, 0.37262166666666674]}, "23": {"gen": 23, "min": [0.3331632666666666, 0.35084], "max": [0.3645118500000008, 0.37599], "mean": [0.3579404499999999, 0.37053933333333344]}, "24": {"gen": 24, "min": [0.3332761666666659, 0.35151], "max": [0.3645118500000008, 0.37599], "mean": [0.3552468811111113, 0.3684450000000001]}, "25": {"gen": 25, "min": [0.3318577666666663, 0.35106], "max": [0.3645118500000008, 0.37599], "mean": [0.3578391388888893, 0.3705366666666666]}, "26": {"gen": 26, "min": [0.33217298333333306, 0.35102], "max": [0.3645118500000008, 0.37599], "mean": [0.3585110861111115, 0.37121966666666656]}, "27": {"gen": 27, "min": [0.3295958833333342, 0.34999], "max": [0.3645118500000008, 0.37599], "mean": [0.3567160916666669, 0.36984833333333333]}, "28": {"gen": 28, "min": [0.3347772666666667, 0.35234], "max": [0.3645118500000008, 0.37599], "mean": [0.3576627238888893, 0.37053066666666656]}, "29": {"gen": 29, "min": [0.32988416666666515, 0.34932], "max": [0.3645118500000008, 0.37599], "mean": [0.3571319477777779, 0.37018333333333325]}, "30": {"gen": 30, "min": [0.32745381666666634, 0.34701], "max": [0.3645118500000008, 0.37599], "mean": [0.35738034055555595, 0.3703683333333333]}, "31": {"gen": 31, "min": [0.3273320666666665, 0.34693], "max": [0.3645118500000008, 0.37599], "mean": [0.35666355666666694, 0.36981499999999995]}, "32": {"gen": 32, "min": [0.3345049, 0.35307], "max": [0.3645118500000008, 0.37599], "mean": [0.35808516166666693, 0.37092899999999995]}, "33": {"gen": 33, "min": [0.3345344666666665, 0.35299], "max": [0.3645118500000008, 0.37599], "mean": [0.3581514500000003, 0.3710503333333333]}, "34": {"gen": 34, "min": [0.3351523333333334, 0.35392], "max": [0.3645118500000008, 0.37599], "mean": [0.3579439005555559, 0.3709303333333332]}, "35": {"gen": 35, "min": [0.33613014999999963, 0.35482], "max": [0.3645118500000008, 0.37599], "mean": [0.3570981872222226, 0.37028433333333327]}, "36": {"gen": 36, "min": [0.3268204333333324, 0.34715], "max": [0.3645118500000008, 0.37599], "mean": [0.35768907722222265, 0.3707616666666666]}, "37": {"gen": 37, "min": [0.3288236833333323, 0.34876], "max": [0.3645118500000008, 0.37599], "mean": [0.35755419888888923, 0.3706589999999999]}, "38": {"gen": 38, "min": [0.33570303333333296, 0.35421], "max": [0.3645118500000008, 0.37599], "mean": [0.35835818944444475, 0.3712293333333332]}, "39": {"gen": 39, "min": [0.3365168833333328, 0.3544], "max": [0.36473475, 0.37606], "mean": [0.3579748327777779, 0.37093399999999993]}, "40": {"gen": 40, "min": [0.33137233333333255, 0.35086], "max": [0.36473475, 0.37606], "mean": [0.3573862883333337, 0.37056133333333324]}, "41": {"gen": 41, "min": [0.3271995499999994, 0.34785], "max": [0.36473475, 0.37606], "mean": [0.357088311666667, 0.37030299999999994]}, "42": {"gen": 42, "min": [0.3645118500000008, 0.37599], "max": [0.36473475, 0.37606], "mean": [0.3645415700000007, 0.37599933333333324]}, "43": {"gen": 43, "min": [0.342017783333332, 0.35915], "max": [0.3648702500000004, 0.37606], "mean": [0.36348797888888934, 0.375198]}, "44": {"gen": 44, "min": [0.34128793333333324, 0.35815], "max": [0.36473475, 0.37606], "mean": [0.3623565116666671, 0.37429833333333323]}, "45": {"gen": 45, "min": [0.3428649166666664, 0.35928], "max": [0.36482054999999997, 0.37606], "mean": [0.36135905833333326, 0.3734233333333332]}, "46": {"gen": 46, "min": [0.3428649166666664, 0.35928], "max": [0.36482054999999997, 0.37606], "mean": [0.3605375711111112, 0.37271566666666694]}, "47": {"gen": 47, "min": [0.3436722666666656, 0.3603], "max": [0.36482054999999997, 0.37606], "mean": [0.3619254188888888, 0.37385766666666664]}, "48": {"gen": 48, "min": [0.3436722666666656, 0.3603], "max": [0.3649693166666668, 0.37606], "mean": [0.35961941333333325, 0.3719660000000002]}, "49": {"gen": 49, "min": [0.3430410999999998, 0.3601], "max": [0.3649693166666668, 0.37592], "mean": [0.3594252772222221, 0.371771]}}