{"0": {"gen": 0, "min": [0.29623264999999904, 0.32141], "max": [0.36181768333333353, 0.37307], "mean": [0.3483168727777777, 0.36230300000000004]}, "1": {"gen": 1, "min": [0.29623264999999904, 0.32141], "max": [0.36181768333333353, 0.37307], "mean": [0.34772358388888863, 0.36193166666666665]}, "2": {"gen": 2, "min": [0.29623264999999904, 0.32141], "max": [0.36181768333333353, 0.37307], "mean": [0.34498537333333296, 0.3598243333333334]}, "3": {"gen": 3, "min": [0.3028897999999998, 0.32696], "max": [0.36181768333333353, 0.37307], "mean": [0.35456610499999996, 0.3674733333333335]}, "4": {"gen": 4, "min": [0.33055509999999877, 0.34985], "max": [0.36236983333333367, 0.37333], "mean": [0.3546059361111111, 0.3676383333333334]}, "5": {"gen": 5, "min": [0.3310068166666651, 0.34987], "max": [0.36236983333333367, 0.37333], "mean": [0.3556419499999999, 0.3684316666666667]}, "6": {"gen": 6, "min": [0.3323681000000006, 0.35026], "max": [0.36236983333333367, 0.37333], "mean": [0.3556338794444445, 0.3684196666666668]}, "7": {"gen": 7, "min": [0.3344635500000007, 0.35258], "max": [0.36236983333333367, 0.37333], "mean": [0.3562126366666665, 0.36877333333333345]}, "8": {"gen": 8, "min": [0.33080678333333313, 0.35002], "max": [0.36292821666666675, 0.37382], "mean": [0.3570584861111109, 0.3693330000000001]}, "9": {"gen": 9, "min": [0.33007415, 0.34855], "max": [0.36292821666666675, 0.37382], "mean": [0.35799480722222193, 0.3699336666666666]}, "10": {"gen": 10, "min": [0.3279622999999996, 0.34805], "max": [0.36298091666666654, 0.37382], "mean": [0.35649788111111086, 0.36893166666666666]}, "11": {"gen": 11, "min": [0.3279622999999996, 0.34805], "max": [0.36292821666666675, 0.37382], "mean": [0.3552436555555553, 0.3679549999999999]}, "12": {"gen": 12, "min": [0.33007415, 0.34855], "max": [0.36292821666666675, 0.37382], "mean": [0.3552344116666664, 0.36781233333333335]}, "13": {"gen": 13, "min": [0.3307880833333327, 0.35004], "max": [0.36292821666666675, 0.37382], "mean": [0.3586969172222219, 0.3704136666666667]}, "14": {"gen": 14, "min": [0.3307880833333327, 0.35004], "max": [0.36292821666666675, 0.37382], "mean": [0.3601742433333333, 0.37166866666666676]}, "15": {"gen": 15, "min": [0.3474721999999998, 0.36213], "max": [0.3630284166666661, 0.37382], "mean": [0.36113137722222216, 0.3722440000000001]}, "16": {"gen": 16, "min": [0.3405212833333331, 0.3574], "max": [0.3630284166666661, 0.37382], "mean": [0.36033724944444445, 0.3717396666666667]}, "17": {"gen": 17, "min": [0.34035763333333324, 0.35723], "max": [0.3630284166666661, 0.37382], "mean": [0.3592405266666666, 0.3708400000000001]}, "18": {"gen": 18, "min": [0.3401652333333325, 0.35679], "max": [0.36345458333333175, 0.37382], "mean": [0.36047150055555544, 0.37184633333333345]}, "19": {"gen": 19, "min": [0.33356106666666685, 0.35087], "max": [0.36345458333333175, 0.37382], "mean": [0.35722268277777763, 0.36925233333333335]}, "20": {"gen": 20, "min": [0.3339038666666672, 0.35138], "max": [0.36345458333333175, 0.37452], "mean": [0.3581508827777775, 0.36985033333333345]}, "21": {"gen": 21, "min": [0.3355275500000007, 0.35302], "max": [0.36345123333333307, 0.37452], "mean": [0.3601050866666666, 0.37110066666666675]}, "22": {"gen": 22, "min": [0.3376398166666672, 0.3555], "max": [0.36345123333333307, 0.37452], "mean": [0.3589411250000001, 0.3705870000000001]}, "23": {"gen": 23, "min": [0.3353475166666667, 0.35329], "max": [0.36345123333333307, 0.37452], "mean": [0.35974098777777797, 0.3711956666666668]}, "24": {"gen": 24, "min": [0.33361373333333305, 0.35108], "max": [0.3638226833333337, 0.37452], "mean": [0.35963305222222225, 0.3711193333333334]}, "25": {"gen": 25, "min": [0.33315166666666673, 0.35185], "max": [0.3638226833333337, 0.37452], "mean": [0.3591201355555555, 0.370709]}, "26": {"gen": 26, "min": [0.32626680000000075, 0.34657], "max": [0.3638226833333337, 0.37452], "mean": [0.358515636111111, 0.37038933333333335]}, "27": {"gen": 27, "min": [0.32626680000000075, 0.34657], "max": [0.3638226833333337, 0.37452], "mean": [0.3571035883333332, 0.369442]}, "28": {"gen": 28, "min": [0.32626680000000075, 0.34657], "max": [0.3638226833333337, 0.37452], "mean": [0.35818320722222224, 0.3701270000000001]}, "29": {"gen": 29, "min": [0.3342742333333338, 0.35255], "max": [0.3638226833333337, 0.37421], "mean": [0.3596741861111112, 0.3712353333333335]}, "30": {"gen": 30, "min": [0.3351145666666671, 0.35362], "max": [0.3638226833333337, 0.37424], "mean": [0.3604196372222223, 0.3718493333333334]}, "31": {"gen": 31, "min": [0.3351145666666671, 0.35362], "max": [0.3638226833333337, 0.37424], "mean": [0.355021291111111, 0.3676443333333334]}, "32": {"gen": 32, "min": [0.32900343333333315, 0.34856], "max": [0.3638226833333337, 0.37421], "mean": [0.3528080677777778, 0.36600099999999997]}, "33": {"gen": 33, "min": [0.32900343333333315, 0.34856], "max": [0.3638226833333337, 0.37421], "mean": [0.35585592499999963, 0.3679686666666667]}, "34": {"gen": 34, "min": [0.32900343333333315, 0.34856], "max": [0.3638226833333337, 0.37421], "mean": [0.35808988888888893, 0.3693936666666666]}, "35": {"gen": 35, "min": [0.3346302833333346, 0.3533], "max": [0.3638226833333337, 0.37421], "mean": [0.35925853444444455, 0.37011300000000014]}, "36": {"gen": 36, "min": [0.33565355000000036, 0.35475], "max": [0.3638226833333337, 0.37406], "mean": [0.3584002611111112, 0.36953466666666684]}, "37": {"gen": 37, "min": [0.3357173833333336, 0.35481], "max": [0.3639037833333334, 0.37458], "mean": [0.3585506405555557, 0.3696873333333335]}, "38": {"gen": 38, "min": [0.33559735000000035, 0.35482], "max": [0.3639037833333334, 0.37436], "mean": [0.35730050500000027, 0.3688246666666668]}, "39": {"gen": 39, "min": [0.3238286333333338, 0.34382], "max": [0.3639037833333334, 0.37449], "mean": [0.3558256088888889, 0.36770200000000014]}, "40": {"gen": 40, "min": [0.32283274999999995, 0.34312], "max": [0.3639037833333334, 0.37311], "mean": [0.3565055866666669, 0.36809400000000014]}, "41": {"gen": 41, "min": [0.32283274999999995, 0.34312], "max": [0.3639037833333334, 0.37311], "mean": [0.35557129222222233, 0.3673450000000002]}, "42": {"gen": 42, "min": [0.32283274999999995, 0.34312], "max": [0.3639037833333334, 0.37311], "mean": [0.35395101444444443, 0.36615800000000015]}, "43": {"gen": 43, "min": [0.3277344833333331, 0.34657], "max": [0.3639037833333334, 0.37309], "mean": [0.35587367222222227, 0.36749533333333345]}, "44": {"gen": 44, "min": [0.32969061666666644, 0.34815], "max": [0.3639037833333334, 0.37309], "mean": [0.3549769222222221, 0.36679933333333337]}, "45": {"gen": 45, "min": [0.32969061666666644, 0.34815], "max": [0.3639037833333334, 0.37309], "mean": [0.3530171916666664, 0.3654656666666666]}, "46": {"gen": 46, "min": [0.32948921666666503, 0.34804], "max": [0.3639037833333334, 0.37309], "mean": [0.35627175777777753, 0.3678226666666666]}, "47": {"gen": 47, "min": [0.3261997499999996, 0.34573], "max": [0.3639037833333334, 0.37442], "mean": [0.35735710388888864, 0.3685609999999999]}, "48": {"gen": 48, "min": [0.3315199499999999, 0.34965], "max": [0.3639037833333334, 0.37309], "mean": [0.3573045277777776, 0.3684573333333333]}, "49": {"gen": 49, "min": [0.33355241666666696, 0.35235], "max": [0.36405031666666626, 0.37372], "mean": [0.35865569166666655, 0.36947833333333324]}}