{"0": {"gen": 0, "min": [0.3059912499999999, 10.0, -0.06985427999999995], "max": [0.36613860000000004, 136.0, -0.00685667000000002], "mean": [0.348956478, 76.42, -0.02483761570000001]}, "1": {"gen": 1, "min": [0.3059912499999999, 10.0, -0.06985427999999995], "max": [0.36613860000000004, 136.0, -0.00685667000000002], "mean": [0.3497099659999999, 77.82, -0.02403785930000001]}, "2": {"gen": 2, "min": [0.3059912499999999, 10.0, -0.06985427999999995], "max": [0.36613860000000004, 136.0, -0.00685667000000002], "mean": [0.347594797, 79.48, -0.026247095899999996]}, "3": {"gen": 3, "min": [0.3059912499999999, 10.0, -0.06985427999999995], "max": [0.36613860000000004, 136.0, -0.00685667000000002], "mean": [0.347821605, 81.64, -0.026012911100000008]}, "4": {"gen": 4, "min": [0.3059912499999999, 10.0, -0.06985427999999995], "max": [0.36613860000000004, 136.0, -0.00685667000000002], "mean": [0.35321980999999986, 97.64, -0.020361263600000002]}, "5": {"gen": 5, "min": [0.3059912499999999, 10.0, -0.06985427999999995], "max": [0.3664640500000004, 136.0, -0.00652600000000001], "mean": [0.3548989789999997, 105.14, -0.018612629399999997]}, "6": {"gen": 6, "min": [0.3059912499999999, 10.0, -0.06985427999999995], "max": [0.3664640500000004, 136.0, -0.00652600000000001], "mean": [0.3506467369999999, 90.98, -0.023054950200000025]}, "7": {"gen": 7, "min": [0.3059912499999999, 10.0, -0.06985427999999995], "max": [0.3664640500000004, 135.0, -0.00652600000000001], "mean": [0.3476219439999999, 81.6, -0.02621642430000001]}, "8": {"gen": 8, "min": [0.3059912499999999, 10.0, -0.06985427999999995], "max": [0.3664640500000004, 130.0, -0.00652600000000001], "mean": [0.343024806, 76.06, -0.031048573400000015]}, "9": {"gen": 9, "min": [0.3059912499999999, 10.0, -0.06985427999999995], "max": [0.3664640500000004, 131.0, -0.00652600000000001], "mean": [0.33876532799999987, 67.0, -0.035507285199999995]}, "10": {"gen": 10, "min": [0.3059912499999999, 10.0, -0.06985427999999995], "max": [0.3664640500000004, 131.0, -0.00652600000000001], "mean": [0.331424923, 55.48, -0.04321030869999996]}, "11": {"gen": 11, "min": [0.3059912499999999, 10.0, -0.06985427999999995], "max": [0.3664640500000004, 130.0, -0.00652600000000001], "mean": [0.33413005899999987, 58.16, -0.040374401199999986]}, "12": {"gen": 12, "min": [0.3059912499999999, 10.0, -0.06985427999999995], "max": [0.3664640500000004, 130.0, -0.00652600000000001], "mean": [0.3261198109999999, 41.3, -0.048763333899999976]}, "13": {"gen": 13, "min": [0.3059912499999999, 10.0, -0.06985427999999995], "max": [0.3664640500000004, 130.0, -0.00652600000000001], "mean": [0.3346947779999998, 52.04, -0.03977428629999999]}, "14": {"gen": 14, "min": [0.3059912499999999, 10.0, -0.06985427999999995], "max": [0.3664640500000004, 130.0, -0.00652600000000001], "mean": [0.325271584, 39.3, -0.04964976469999998]}, "15": {"gen": 15, "min": [0.3059912499999999, 10.0, -0.06985427999999995], "max": [0.3664640500000004, 130.0, -0.00652600000000001], "mean": [0.3337550629999999, 49.5, -0.04075877299999999]}, "16": {"gen": 16, "min": [0.3059912499999999, 10.0, -0.06985427999999995], "max": [0.3664640500000004, 130.0, -0.00652600000000001], "mean": [0.322895346, 37.12, -0.05213980779999997]}, "17": {"gen": 17, "min": [0.3059912499999999, 10.0, -0.06985427999999995], "max": [0.3664640500000004, 130.0, -0.00652600000000001], "mean": [0.33229958099999996, 49.26, -0.042273827699999995]}, "18": {"gen": 18, "min": [0.3059912499999999, 10.0, -0.06985427999999995], "max": [0.3664640500000004, 130.0, -0.00652600000000001], "mean": [0.325134939, 39.04, -0.04979594229999997]}, "19": {"gen": 19, "min": [0.3059912499999999, 10.0, -0.06985427999999995], "max": [0.3669433, 130.0, -0.005958570000000011], "mean": [0.33349731399999993, 51.48, -0.04103242900000001]}, "20": {"gen": 20, "min": [0.3059912499999999, 10.0, -0.06985427999999995], "max": [0.3669433, 130.0, -0.005958570000000011], "mean": [0.326905999, 43.8, -0.04794523409999996]}, "21": {"gen": 21, "min": [0.3059912499999999, 10.0, -0.06985427999999995], "max": [0.3669433, 130.0, -0.005958570000000011], "mean": [0.33490574099999987, 55.86, -0.0395623156]}, "22": {"gen": 22, "min": [0.3059912499999999, 10.0, -0.06985427999999995], "max": [0.3669433, 130.0, -0.005958570000000011], "mean": [0.33026037700000005, 49.68, -0.04444814889999999]}, "23": {"gen": 23, "min": [0.3059912499999999, 10.0, -0.06985427999999995], "max": [0.3669433, 130.0, -0.005958570000000011], "mean": [0.33848912099999995, 62.26, -0.035835404099999996]}, "24": {"gen": 24, "min": [0.3059912499999999, 10.0, -0.06985427999999995], "max": [0.3672225000000001, 130.0, -0.005690270000000013], "mean": [0.33314890899999994, 53.5, -0.04140894869999998]}, "25": {"gen": 25, "min": [0.3059912499999999, 10.0, -0.06985427999999995], "max": [0.3669433, 116.0, -0.005958570000000011], "mean": [0.3298561269999999, 46.26, -0.04485020139999998]}, "26": {"gen": 26, "min": [0.3059912499999999, 10.0, -0.06985427999999995], "max": [0.3669433, 107.0, -0.005958570000000011], "mean": [0.32787515899999986, 42.62, -0.04692224049999998]}, "27": {"gen": 27, "min": [0.3059912499999999, 10.0, -0.06985427999999995], "max": [0.3677544000000007, 107.0, -0.005147195000000013], "mean": [0.33033449299999984, 45.48, -0.044345653699999994]}, "28": {"gen": 28, "min": [0.3059912499999999, 10.0, -0.06985427999999995], "max": [0.3677544000000007, 99.0, -0.005147195000000013], "mean": [0.32250986999999987, 36.56, -0.05254772689999997]}, "29": {"gen": 29, "min": [0.3059912499999999, 10.0, -0.06985427999999995], "max": [0.3677544000000007, 99.0, -0.005147195000000013], "mean": [0.33095732899999986, 46.46, -0.043685386799999996]}, "30": {"gen": 30, "min": [0.3059912499999999, 10.0, -0.06985427999999995], "max": [0.3677544000000007, 99.0, -0.005147195000000013], "mean": [0.32339909399999983, 33.42, -0.05160747549999997]}, "31": {"gen": 31, "min": [0.3059222000000001, 10.0, -0.0699724950000002], "max": [0.3677544000000007, 99.0, -0.005147195000000013], "mean": [0.33062030799999986, 41.42, -0.04404206019999999]}, "32": {"gen": 32, "min": [0.3059912499999999, 10.0, -0.06985427999999995], "max": [0.3677544000000007, 87.0, -0.005147195000000013], "mean": [0.324283942, 29.68, -0.050687456699999967]}, "33": {"gen": 33, "min": [0.3059912499999999, 10.0, -0.06985427999999995], "max": [0.3677544000000007, 87.0, -0.005147195000000013], "mean": [0.3282234769999998, 35.26, -0.04654783039999998]}, "34": {"gen": 34, "min": [0.3059912499999999, 10.0, -0.06985427999999995], "max": [0.3677544000000007, 87.0, -0.005147195000000013], "mean": [0.3271860329999998, 35.24, -0.047634952400000014]}, "35": {"gen": 35, "min": [0.30576509999999957, 10.0, -0.07007497000000001], "max": [0.3677544000000007, 87.0, -0.005147195000000013], "mean": [0.32178093100000005, 30.04, -0.05329548589999999]}, "36": {"gen": 36, "min": [0.3059912499999999, 10.0, -0.06985427999999995], "max": [0.3677544000000007, 87.0, -0.005147195000000013], "mean": [0.3112720739999999, 17.8, -0.06431476959999996]}, "37": {"gen": 37, "min": [0.3059912499999999, 10.0, -0.06985427999999995], "max": [0.3677544000000007, 87.0, -0.005147195000000013], "mean": [0.3209391139999999, 29.2, -0.05418093419999999]}, "38": {"gen": 38, "min": [0.3059912499999999, 10.0, -0.06985427999999995], "max": [0.3677544000000007, 87.0, -0.005147195000000013], "mean": [0.3317619559999999, 42.18, -0.04283729450000001]}, "39": {"gen": 39, "min": [0.3075216999999998, 17.0, -0.06823696500000012], "max": [0.3677544000000007, 87.0, -0.005147195000000013], "mean": [0.33350504599999986, 46.88, -0.04100305620000001]}, "40": {"gen": 40, "min": [0.3075216999999998, 17.0, -0.06823696500000012], "max": [0.3677544000000007, 87.0, -0.005147195000000013], "mean": [0.33218144999999993, 44.02, -0.04238871150000002]}, "41": {"gen": 41, "min": [0.3075216999999998, 17.0, -0.06823696500000012], "max": [0.3677544000000007, 87.0, -0.005147195000000013], "mean": [0.3272465310000002, 36.98, -0.047583816800000074]},