{"0": {"gen": 0, "min": [0.30455366666666717, 0.32787], "max": [0.3637397999999988, 0.3743], "mean": [0.348551352222222, 0.3624380000000001]}, "1": {"gen": 1, "min": [0.30455366666666717, 0.32787], "max": [0.3637397999999988, 0.3743], "mean": [0.34902094388888844, 0.36269033333333317]}, "2": {"gen": 2, "min": [0.30455366666666717, 0.32787], "max": [0.3637397999999988, 0.3743], "mean": [0.3527982627777773, 0.36558533333333326]}, "3": {"gen": 3, "min": [0.32711451666666613, 0.34672], "max": [0.3637397999999988, 0.3743], "mean": [0.35858791222222147, 0.37012166666666657]}, "4": {"gen": 4, "min": [0.3295941833333332, 0.34953], "max": [0.3637397999999988, 0.3743], "mean": [0.35912460333333257, 0.3707709999999999]}, "5": {"gen": 5, "min": [0.32996686666666664, 0.35009], "max": [0.3637397999999988, 0.3743], "mean": [0.3590802127777771, 0.3706573333333332]}, "6": {"gen": 6, "min": [0.3310947666666654, 0.3482], "max": [0.3637397999999988, 0.3743], "mean": [0.35886489833333257, 0.3703733333333332]}, "7": {"gen": 7, "min": [0.3278745833333335, 0.34585], "max": [0.363771916666666, 0.3744], "mean": [0.35925783388888816, 0.3708309999999999]}, "8": {"gen": 8, "min": [0.3290907833333349, 0.34684], "max": [0.363771916666666, 0.37443], "mean": [0.3602971994444438, 0.37162933333333326]}, "9": {"gen": 9, "min": [0.32884448333333366, 0.3471], "max": [0.36426396666666677, 0.37495], "mean": [0.3569271727777773, 0.3691683333333333]}, "10": {"gen": 10, "min": [0.32884448333333366, 0.3471], "max": [0.3642055499999992, 0.37474], "mean": [0.3549695127777774, 0.36770299999999995]}, "11": {"gen": 11, "min": [0.32884448333333366, 0.3471], "max": [0.36391993333333306, 0.3745], "mean": [0.35489671944444406, 0.3676963333333333]}, "12": {"gen": 12, "min": [0.32884448333333366, 0.3471], "max": [0.36391993333333306, 0.3745], "mean": [0.35188696722222207, 0.36550566666666673]}, "13": {"gen": 13, "min": [0.33706748333333275, 0.3556], "max": [0.36395084999999844, 0.3745], "mean": [0.35715998944444394, 0.36958566666666676]}, "14": {"gen": 14, "min": [0.3371435166666652, 0.3556], "max": [0.3640881333333336, 0.3745], "mean": [0.3566866477777773, 0.36915966666666666]}, "15": {"gen": 15, "min": [0.3335299666666675, 0.35165], "max": [0.3640881333333336, 0.3744], "mean": [0.3582826538888886, 0.37032066666666663]}, "16": {"gen": 16, "min": [0.3372236999999984, 0.35507], "max": [0.3640881333333336, 0.3744], "mean": [0.3592631649999994, 0.3710533333333332]}, "17": {"gen": 17, "min": [0.3335433333333325, 0.35262], "max": [0.36419858333333316, 0.3747], "mean": [0.3584538483333329, 0.3703536666666665]}, "18": {"gen": 18, "min": [0.3338695000000004, 0.35278], "max": [0.365484533333333, 0.37578], "mean": [0.35906808444444394, 0.3708266666666666]}, "19": {"gen": 19, "min": [0.33921813333333356, 0.35658], "max": [0.365484533333333, 0.37578], "mean": [0.359176875555555, 0.37085866666666667]}, "20": {"gen": 20, "min": [0.3377012333333332, 0.35573], "max": [0.365484533333333, 0.37578], "mean": [0.3583602544444441, 0.3702073333333333]}, "21": {"gen": 21, "min": [0.33237031666666594, 0.35006], "max": [0.365484533333333, 0.37578], "mean": [0.35762376333333296, 0.3696849999999999]}, "22": {"gen": 22, "min": [0.33237031666666594, 0.35006], "max": [0.365484533333333, 0.37578], "mean": [0.3591984333333329, 0.37084766666666663]}, "23": {"gen": 23, "min": [0.33237031666666594, 0.35006], "max": [0.365484533333333, 0.37578], "mean": [0.36006906611111084, 0.3714806666666668]}, "24": {"gen": 24, "min": [0.33163901666666673, 0.34952], "max": [0.365484533333333, 0.37578], "mean": [0.36040271555555553, 0.3717463333333335]}, "25": {"gen": 25, "min": [0.33313619999999994, 0.35117], "max": [0.365484533333333, 0.37578], "mean": [0.3586571088888889, 0.3703633333333335]}, "26": {"gen": 26, "min": [0.33300701666666693, 0.3518], "max": [0.365484533333333, 0.37578], "mean": [0.3598404727777777, 0.3713116666666668]}, "27": {"gen": 27, "min": [0.33756716666666586, 0.35336], "max": [0.365484533333333, 0.37578], "mean": [0.3594728438888889, 0.37101500000000015]}, "28": {"gen": 28, "min": [0.3387898333333335, 0.35598], "max": [0.365484533333333, 0.37578], "mean": [0.359097675, 0.3707750000000002]}, "29": {"gen": 29, "min": [0.3327624333333336, 0.35185], "max": [0.365484533333333, 0.37578], "mean": [0.359336945, 0.3709976666666668]}, "30": {"gen": 30, "min": [0.33385088333333457, 0.35189], "max": [0.365484533333333, 0.37578], "mean": [0.3586572305555555, 0.3705010000000002]}, "31": {"gen": 31, "min": [0.3364777499999996, 0.35405], "max": [0.365844516666666, 0.37579], "mean": [0.35921311944444434, 0.3709250000000001]}, "32": {"gen": 32, "min": [0.33305440000000053, 0.35192], "max": [0.36591459999999953, 0.37582], "mean": [0.3574699861111111, 0.3695080000000002]}, "33": {"gen": 33, "min": [0.33414606666666674, 0.352], "max": [0.36591459999999953, 0.37582], "mean": [0.35956455277777777, 0.3710973333333335]}, "34": {"gen": 34, "min": [0.3341789500000004, 0.35019], "max": [0.36591459999999953, 0.37603], "mean": [0.3641226866666666, 0.37463666666666673]}, "35": {"gen": 35, "min": [0.3341789500000004, 0.35019], "max": [0.36591459999999953, 0.37603], "mean": [0.36099723166666636, 0.37200600000000006]}, "36": {"gen": 36, "min": [0.3341789500000004, 0.35019], "max": [0.36591459999999953, 0.37603], "mean": [0.3613135027777777, 0.3722379999999999]}, "37": {"gen": 37, "min": [0.3374321500000003, 0.35435], "max": [0.36591459999999953, 0.37582], "mean": [0.36236329333333317, 0.37314233333333313]}, "38": {"gen": 38, "min": [0.3388667833333341, 0.35684], "max": [0.36591459999999953, 0.37585], "mean": [0.3606788933333331, 0.37200533333333313]}, "39": {"gen": 39, "min": [0.3354890166666657, 0.35379], "max": [0.36591459999999953, 0.37582], "mean": [0.35909203499999975, 0.3707956666666664]}, "40": {"gen": 40, "min": [0.33463660000000045, 0.353], "max": [0.36591459999999953, 0.37582], "mean": [0.3578962994444443, 0.3697546666666664]}, "41": {"gen": 41, "min": [0.3337846499999992, 0.35139], "max": [0.36591459999999953, 0.37582], "mean": [0.3579183283333331, 0.36973766666666646]}, "42": {"gen": 42, "min": [0.3354456499999996, 0.35353], "max": [0.36591459999999953, 0.37582], "mean": [0.3575452049999998, 0.36932299999999973]}, "43": {"gen": 43, "min": [0.3330256499999996, 0.35105], "max": [0.36591459999999953, 0.37582], "mean": [0.3578807905555554, 0.36968399999999974]}, "44": {"gen": 44, "min": [0.33707085000000014, 0.35309], "max": [0.36591459999999953, 0.37593], "mean": [0.35817758444444436, 0.3697873333333331]}, "45": {"gen": 45, "min": [0.3370105666666672, 0.35448], "max": [0.36591459999999953, 0.37582], "mean": [0.3603104433333332, 0.3714343333333331]}, "46": {"gen": 46, "min": [0.3350828999999991, 0.35268], "max": [0.36591459999999953, 0.37582], "mean": [0.3609036561111109, 0.3718109999999998]}, "47": {"gen": 47, "min": [0.33726055, 0.3546], "max": [0.36591459999999953, 0.37582], "mean": [0.3594529911111109, 0.3707053333333331]}, "48": {"gen": 48, "min": [0.33335376666666755, 0.35258], "max": [0.36591459999999953, 0.37582], "mean": [0.3607629649999999, 0.3717783333333331]}, "49": {"gen": 49, "min": [0.35160656666666606, 0.36465], "max": [0.36591459999999953, 0.37582], "mean": [0.3623423472222219, 0.37296666666666645]}}