{"0": {"gen": 0, "min": [0.29502384999999964, 0.38348894959294744, 11.0], "max": [0.37566770000000027, 0.43293730608007264, 136.0], "mean": [0.35514700800000015, 0.4206973449309262, 73.24]}, "1": {"gen": 1, "min": [0.29502384999999964, 0.38348894959294744, 11.0], "max": [0.37566770000000027, 0.43293730608007264, 118.0], "mean": [0.354253086, 0.4201849448720179, 64.62]}, "2": {"gen": 2, "min": [0.3036692499999999, 0.38914765012625224, 12.0], "max": [0.37566770000000027, 0.43293730608007264, 118.0], "mean": [0.35777462799999993, 0.4222964999126317, 71.42]}, "3": {"gen": 3, "min": [0.3036692499999999, 0.38914765012625224, 12.0], "max": [0.37566770000000027, 0.43293730608007264, 118.0], "mean": [0.3566430740000001, 0.4216222186679625, 71.24]}, "4": {"gen": 4, "min": [0.3036692499999999, 0.38914765012625224, 12.0], "max": [0.37566770000000027, 0.43293730608007264, 118.0], "mean": [0.35286506100000004, 0.419361189747685, 74.8]}, "5": {"gen": 5, "min": [0.3036692499999999, 0.38914765012625224, 12.0], "max": [0.37566770000000027, 0.43293730608007264, 109.0], "mean": [0.35129036699999994, 0.4184035355931793, 71.52]}, "6": {"gen": 6, "min": [0.3036692499999999, 0.38914765012625224, 12.0], "max": [0.37566770000000027, 0.43293730608007264, 109.0], "mean": [0.3458990929999999, 0.4151217296327988, 69.64]}, "7": {"gen": 7, "min": [0.3036692499999999, 0.38914765012625224, 12.0], "max": [0.37566770000000027, 0.43293730608007264, 109.0], "mean": [0.34139852900000006, 0.41234418187656563, 66.0]}, "8": {"gen": 8, "min": [0.3036692499999999, 0.38914765012625224, 12.0], "max": [0.37566770000000027, 0.43293730608007264, 109.0], "mean": [0.3392343150000003, 0.4110000657393382, 57.02]}, "9": {"gen": 9, "min": [0.3036692499999999, 0.38914765012625224, 12.0], "max": [0.37566770000000027, 0.43293730608007264, 109.0], "mean": [0.3315708850000002, 0.40631114321739803, 45.66]}, "10": {"gen": 10, "min": [0.3036692499999999, 0.38914765012625224, 12.0], "max": [0.37566770000000027, 0.43293730608007264, 109.0], "mean": [0.3431180489999999, 0.41344112174080755, 57.2]}, "11": {"gen": 11, "min": [0.3036692499999999, 0.38914765012625224, 12.0], "max": [0.37566770000000027, 0.43293730608007264, 109.0], "mean": [0.34360043500000004, 0.4137400650199595, 57.72]}, "12": {"gen": 12, "min": [0.3172962500000003, 0.3977342521189598, 15.0], "max": [0.37566770000000027, 0.43293730608007264, 109.0], "mean": [0.35142776300000017, 0.4185329255154373, 67.66]}, "13": {"gen": 13, "min": [0.3172962500000003, 0.3977342521189598, 18.0], "max": [0.37566770000000027, 0.43293730608007264, 109.0], "mean": [0.35536976700000017, 0.42087445329625806, 75.58]}, "14": {"gen": 14, "min": [0.3258064000000002, 0.40291679964515065, 27.0], "max": [0.37566770000000027, 0.43293730608007264, 109.0], "mean": [0.35486930700000024, 0.420604958237639, 73.42]}, "15": {"gen": 15, "min": [0.3258064000000002, 0.40291679964515065, 41.0], "max": [0.37566770000000027, 0.43293730608007264, 109.0], "mean": [0.35832692100000024, 0.42265516953935595, 81.56]}, "16": {"gen": 16, "min": [0.3258064000000002, 0.40291679964515065, 41.0], "max": [0.37566770000000027, 0.43293730608007264, 109.0], "mean": [0.35831250100000034, 0.4226309526307423, 79.42]}, "17": {"gen": 17, "min": [0.3258064000000002, 0.40291679964515065, 46.0], "max": [0.37566770000000027, 0.43293730608007264, 109.0], "mean": [0.3647362160000002, 0.4264615162381093, 88.94]}, "18": {"gen": 18, "min": [0.3258064000000002, 0.40291679964515065, 48.0], "max": [0.37566770000000027, 0.43293730608007264, 109.0], "mean": [0.3603907510000002, 0.42388425832197446, 80.72]}, "19": {"gen": 19, "min": [0.3258064000000002, 0.40291679964515065, 48.0], "max": [0.37566770000000027, 0.43293730608007264, 109.0], "mean": [0.3631548550000002, 0.4254984967508392, 87.12]}, "20": {"gen": 20, "min": [0.3258064000000002, 0.40291679964515065, 54.0], "max": [0.37566770000000027, 0.43293730608007264, 109.0], "mean": [0.36050768300000013, 0.42394568071505084, 82.46]}, "21": {"gen": 21, "min": [0.3279665999999996, 0.40430276883654415, 60.0], "max": [0.37578555000000025, 0.4330095829437958, 107.0], "mean": [0.3555608809999998, 0.4210343061640585, 73.6]}, "22": {"gen": 22, "min": [0.3279665999999996, 0.40430276883654415, 60.0], "max": [0.37578555000000025, 0.4330095829437958, 100.0], "mean": [0.3546033149999998, 0.4204624542991479, 71.12]}, "23": {"gen": 23, "min": [0.34124849999999973, 0.4125489859581263, 60.0], "max": [0.37578555000000025, 0.4330095829437958, 100.0], "mean": [0.3536212259999995, 0.41989342190873125, 69.3]}, "24": {"gen": 24, "min": [0.3363788000000006, 0.4096430144567858, 58.0], "max": [0.37645910000000005, 0.43337759151110555, 102.0], "mean": [0.3535371959999996, 0.41986088128333804, 71.14]}, "25": {"gen": 25, "min": [0.3363788000000006, 0.40968728667075627, 60.0], "max": [0.37578555000000025, 0.4330095829437958, 100.0], "mean": [0.35230157599999956, 0.41913218113423945, 70.84]}, "26": {"gen": 26, "min": [0.3363788000000006, 0.40968728667075627, 60.0], "max": [0.37578555000000025, 0.4330095829437958, 100.0], "mean": [0.3563871749999999, 0.42155162464677987, 75.56]}, "27": {"gen": 27, "min": [0.3421935999999996, 0.41316537607394493, 56.0], "max": [0.37578555000000025, 0.4330095829437958, 100.0], "mean": [0.3604777920000001, 0.4239809879613915, 81.38]}, "28": {"gen": 28, "min": [0.3441641499999997, 0.4143738022710116, 55.0], "max": [0.37578555000000025, 0.4330095829437958, 100.0], "mean": [0.36553705100000017, 0.42697037497457496, 83.4]}, "29": {"gen": 29, "min": [0.34347039999999945, 0.4139080154448196, 58.0], "max": [0.37578555000000025, 0.4330095829437958, 100.0], "mean": [0.36792098399999995, 0.428379679864196, 86.68]}, "30": {"gen": 30, "min": [0.3314877999999995, 0.4064671430804261, 59.0], "max": [0.3759432999999996, 0.4331081025751294, 100.0], "mean": [0.3666346319999999, 0.42759480942476974, 87.22]}, "31": {"gen": 31, "min": [0.3314877999999995, 0.4064671430804261, 56.0], "max": [0.3759432999999996, 0.4331081025751294, 100.0], "mean": [0.36300942299999994, 0.42544747191300003, 84.52]}, "32": {"gen": 32, "min": [0.3294840000000005, 0.4051915041681251, 55.0], "max": [0.3759432999999996, 0.4331081025751294, 100.0], "mean": [0.3649691039999999, 0.4266044988595499, 87.28]}, "33": {"gen": 33, "min": [0.3296902000000001, 0.40530268410415204, 55.0], "max": [0.3759432999999996, 0.4331081025751294, 100.0], "mean": [0.35722338999999986, 0.4220216948040054, 78.22]}, "34": {"gen": 34, "min": [0.3325095999999999, 0.40704807362000267, 56.0], "max": [0.37659220000000043, 0.43344681124559664, 101.0], "mean": [0.3565795459999999, 0.42163773250467684, 78.18]}, "35": {"gen": 35, "min": [0.3325095999999999, 0.40704807362000267, 52.0], "max": [0.37421740000000103, 0.43211031836349406, 93.0], "mean": [0.35687751699999987, 0.42182111871653943, 75.78]}, "36": {"gen": 36, "min": [0.3331635000000001, 0.40748321269241716, 62.0], "max": [0.37364775000000056, 0.43175198923023417, 93.0], "mean": [0.35739790399999977, 0.42212814712593727, 75.96]}, "37": {"gen": 37, "min": [0.3325288000000008, 0.4070647891264145, 59.0], "max": [0.37364775000000056, 0.43175198923023417, 92.0], "mean": [0.3569136429999999, 0.4218425885443664, 75.1]}, "38": {"gen": 38, "min": [0.32172165000000014, 0.4003060343136811, 55.0], "max": [0.37364775000000056, 0.43175198923023417, 91.0], "mean": [0.3565232560000001, 0.4215942444555181, 72.84]}, "39": {"gen": 39, "min": [0.32172165000000014, 0.4003060343136811, 55.0], "max": [0.3738088500000006, 0.4318451509488316, 84.0], "mean": [0.35755898400000014, 0.4221703342612738, 74.2]}, "40": {"gen": 40, "min": [0.32172165000000014, 0.4003060343136811, 55.0], "max": [0.3738088500000006, 0.4318451509488316, 84.0], "mean": [0.35728407900000014, 0.42199956594237675, 72.08]}, "41": {"gen": 41, "min": [0.32172165000000014, 0.4003060343136811, 55.0], "max": [0.37425030000000026, 0.43201144106779327, 84.0], "mean": [0.3536372589999999, 0.4197988970489311, 70.26]}, "42": {"gen": 42,