{"0": {"gen": 0, "min": [0.30455366666666717], "max": [0.3637397999999988], "mean": [0.3493539949999997]}, "1": {"gen": 1, "min": [0.30455366666666717], "max": [0.3637397999999988], "mean": [0.3489993338888887]}, "2": {"gen": 2, "min": [0.30455366666666717], "max": [0.3637397999999988], "mean": [0.3485196855555552]}, "3": {"gen": 3, "min": [0.30455366666666717], "max": [0.3637397999999988], "mean": [0.3552732633333327]}, "4": {"gen": 4, "min": [0.32654511666666625], "max": [0.3639401666666662], "mean": [0.35829701166666605]}, "5": {"gen": 5, "min": [0.32957501666666705], "max": [0.3639401666666662], "mean": [0.3580658661111105]}, "6": {"gen": 6, "min": [0.3313451833333331], "max": [0.3639401666666662], "mean": [0.3568690449999995]}, "7": {"gen": 7, "min": [0.33525323333333346], "max": [0.3639401666666662], "mean": [0.35846093499999937]}, "8": {"gen": 8, "min": [0.3389640000000005], "max": [0.3639401666666662], "mean": [0.3627683455555546]}, "9": {"gen": 9, "min": [0.33073036666666605], "max": [0.3639401666666662], "mean": [0.36037533333333277]}, "10": {"gen": 10, "min": [0.33874540000000014], "max": [0.364017066666666], "mean": [0.36105876888888866]}, "11": {"gen": 11, "min": [0.3389640000000005], "max": [0.3639401666666662], "mean": [0.35983383277777753]}, "12": {"gen": 12, "min": [0.35720175000000043], "max": [0.3639401666666662], "mean": [0.3630075861111105]}, "13": {"gen": 13, "min": [0.34210523333333226], "max": [0.36428876666666665], "mean": [0.3613777922222215]}, "14": {"gen": 14, "min": [0.3405652499999991], "max": [0.36428876666666665], "mean": [0.36168381444444386]}, "15": {"gen": 15, "min": [0.34035763333333313], "max": [0.3643054166666659], "mean": [0.36062818888888853]}, "16": {"gen": 16, "min": [0.32638939999999966], "max": [0.3643054166666659], "mean": [0.3586321788888885]}, "17": {"gen": 17, "min": [0.33005893333333375], "max": [0.3643054166666659], "mean": [0.35802141333333287]}, "18": {"gen": 18, "min": [0.33005893333333375], "max": [0.3643054166666659], "mean": [0.3577485261111106]}, "19": {"gen": 19, "min": [0.33005893333333375], "max": [0.3643054166666659], "mean": [0.3553830005555552]}, "20": {"gen": 20, "min": [0.33005893333333375], "max": [0.36436124999999925], "mean": [0.35195200944444416]}, "21": {"gen": 21, "min": [0.33044311666666637], "max": [0.36440740000000044], "mean": [0.355012683333333]}, "22": {"gen": 22, "min": [0.3319206500000004], "max": [0.3643054166666659], "mean": [0.35310081333333293]}, "23": {"gen": 23, "min": [0.330550133333333], "max": [0.36462763333333276], "mean": [0.3556122722222217]}, "24": {"gen": 24, "min": [0.330550133333333], "max": [0.36462763333333276], "mean": [0.3534075038888883]}, "25": {"gen": 25, "min": [0.3332083333333334], "max": [0.36509236666666517], "mean": [0.35663692499999927]}, "26": {"gen": 26, "min": [0.3311869166666658], "max": [0.36509236666666517], "mean": [0.35677558444444374]}, "27": {"gen": 27, "min": [0.33386693333333334], "max": [0.36509236666666517], "mean": [0.3590962988888883]}, "28": {"gen": 28, "min": [0.3638745499999997], "max": [0.36509236666666517], "mean": [0.3643959811111101]}, "29": {"gen": 29, "min": [0.3638745499999997], "max": [0.36509236666666517], "mean": [0.3644933822222213]}, "30": {"gen": 30, "min": [0.344881866666666], "max": [0.36509236666666517], "mean": [0.3624330661111101]}, "31": {"gen": 31, "min": [0.34329133333333395], "max": [0.36509236666666517], "mean": [0.36133603111111035]}, "32": {"gen": 32, "min": [0.33138591666666567], "max": [0.36541651666666675], "mean": [0.3601887922222214]}, "33": {"gen": 33, "min": [0.33623901666666683], "max": [0.36541651666666675], "mean": [0.3593644111111105]}, "34": {"gen": 34, "min": [0.32882278333333315], "max": [0.36541651666666675], "mean": [0.35916222777777695]}, "35": {"gen": 35, "min": [0.33524263333333326], "max": [0.36541651666666675], "mean": [0.35907737888888824]}, "36": {"gen": 36, "min": [0.3361168833333322], "max": [0.3655660499999997], "mean": [0.3611291166666659]}, "37": {"gen": 37, "min": [0.3361168833333322], "max": [0.3655660499999997], "mean": [0.3603859927777773]}, "38": {"gen": 38, "min": [0.3353597333333323], "max": [0.3655660499999997], "mean": [0.3624516349999992]}, "39": {"gen": 39, "min": [0.35681374999999943], "max": [0.3655660499999997], "mean": [0.3646463111111101]}, "40": {"gen": 40, "min": [0.3552710833333336], "max": [0.3655660499999997], "mean": [0.36385540388888804]}, "41": {"gen": 41, "min": [0.3536321166666648], "max": [0.3655660499999997], "mean": [0.36329165388888846]}, "42": {"gen": 42, "min": [0.3536321166666648], "max": [0.3655660499999997], "mean": [0.36445563222222205]}, "43": {"gen": 43, "min": [0.3432845833333315], "max": [0.3655660499999997], "mean": [0.36133415722222195]}, "44": {"gen": 44, "min": [0.3432845833333315], "max": [0.3655660499999997], "mean": [0.36076065444444416]}, "45": {"gen": 45, "min": [0.34346353333333235], "max": [0.3655660499999997], "mean": [0.3618987766666664]}, "46": {"gen": 46, "min": [0.3445698500000008], "max": [0.3655660499999997], "mean": [0.3608053305555553]}, "47": {"gen": 47, "min": [0.33736293333333184], "max": [0.3655660499999997], "mean": [0.35978045666666625]}, "48": {"gen": 48, "min": [0.33684353333333444], "max": [0.3655660499999997], "mean": [0.35874558888888863]}, "49": {"gen": 49, "min": [0.3347871833333332], "max": [0.3655660499999997], "mean": [0.35892392222222197]}}