{"0": {"gen": 0, "min": [0.32787], "max": [0.3743], "mean": [0.3619326666666666]}, "1": {"gen": 1, "min": [0.32787], "max": [0.3743], "mean": [0.36062566666666673]}, "2": {"gen": 2, "min": [0.32787], "max": [0.3743], "mean": [0.36441300000000004]}, "3": {"gen": 3, "min": [0.34627], "max": [0.3743], "mean": [0.37014833333333336]}, "4": {"gen": 4, "min": [0.34728], "max": [0.3743], "mean": [0.371372]}, "5": {"gen": 5, "min": [0.34873], "max": [0.3743], "mean": [0.3690683333333333]}, "6": {"gen": 6, "min": [0.34823], "max": [0.3743], "mean": [0.370566]}, "7": {"gen": 7, "min": [0.36139], "max": [0.3743], "mean": [0.37184300000000003]}, "8": {"gen": 8, "min": [0.35696], "max": [0.3743], "mean": [0.37196199999999996]}, "9": {"gen": 9, "min": [0.35516], "max": [0.3743], "mean": [0.37075366666666665]}, "10": {"gen": 10, "min": [0.35228], "max": [0.3743], "mean": [0.36932399999999993]}, "11": {"gen": 11, "min": [0.35277], "max": [0.3743], "mean": [0.370257]}, "12": {"gen": 12, "min": [0.35786], "max": [0.3743], "mean": [0.3712276666666667]}, "13": {"gen": 13, "min": [0.35497], "max": [0.37492], "mean": [0.3708396666666667]}, "14": {"gen": 14, "min": [0.35378], "max": [0.37492], "mean": [0.37162333333333325]}, "15": {"gen": 15, "min": [0.35381], "max": [0.37492], "mean": [0.3716853333333333]}, "16": {"gen": 16, "min": [0.35503], "max": [0.37492], "mean": [0.3712743333333333]}, "17": {"gen": 17, "min": [0.35599], "max": [0.37492], "mean": [0.37158066666666667]}, "18": {"gen": 18, "min": [0.35599], "max": [0.37492], "mean": [0.370312]}, "19": {"gen": 19, "min": [0.35732], "max": [0.37492], "mean": [0.37165033333333325]}, "20": {"gen": 20, "min": [0.35732], "max": [0.37492], "mean": [0.370849]}, "21": {"gen": 21, "min": [0.35732], "max": [0.37492], "mean": [0.37018433333333334]}, "22": {"gen": 22, "min": [0.35362], "max": [0.37492], "mean": [0.37084666666666666]}, "23": {"gen": 23, "min": [0.36045], "max": [0.37492], "mean": [0.37231799999999987]}, "24": {"gen": 24, "min": [0.35659], "max": [0.37492], "mean": [0.37271499999999985]}, "25": {"gen": 25, "min": [0.35237], "max": [0.37499], "mean": [0.3707023333333332]}, "26": {"gen": 26, "min": [0.35203], "max": [0.37499], "mean": [0.3708899999999999]}, "27": {"gen": 27, "min": [0.35156], "max": [0.37499], "mean": [0.3695669999999999]}, "28": {"gen": 28, "min": [0.34869], "max": [0.37499], "mean": [0.36961533333333324]}, "29": {"gen": 29, "min": [0.34869], "max": [0.3753], "mean": [0.3658679999999999]}, "30": {"gen": 30, "min": [0.34563], "max": [0.37499], "mean": [0.3665899999999999]}, "31": {"gen": 31, "min": [0.34869], "max": [0.37499], "mean": [0.36723733333333336]}, "32": {"gen": 32, "min": [0.34869], "max": [0.37499], "mean": [0.3674736666666668]}, "33": {"gen": 33, "min": [0.35093], "max": [0.37499], "mean": [0.3712460000000001]}, "34": {"gen": 34, "min": [0.35042], "max": [0.37499], "mean": [0.3692480000000001]}, "35": {"gen": 35, "min": [0.34848], "max": [0.37499], "mean": [0.3713873333333334]}, "36": {"gen": 36, "min": [0.35183], "max": [0.37499], "mean": [0.37045233333333344]}, "37": {"gen": 37, "min": [0.35206], "max": [0.37499], "mean": [0.37130133333333337]}, "38": {"gen": 38, "min": [0.35384], "max": [0.37499], "mean": [0.37111966666666674]}, "39": {"gen": 39, "min": [0.35866], "max": [0.37499], "mean": [0.37130966666666676]}, "40": {"gen": 40, "min": [0.35377], "max": [0.37499], "mean": [0.37014700000000006]}, "41": {"gen": 41, "min": [0.35561], "max": [0.37499], "mean": [0.3711270000000001]}, "42": {"gen": 42, "min": [0.35086], "max": [0.37499], "mean": [0.37075666666666673]}, "43": {"gen": 43, "min": [0.35236], "max": [0.37499], "mean": [0.37041166666666675]}, "44": {"gen": 44, "min": [0.35569], "max": [0.37499], "mean": [0.3714746666666668]}, "45": {"gen": 45, "min": [0.34539], "max": [0.37499], "mean": [0.37133566666666673]}, "46": {"gen": 46, "min": [0.34524], "max": [0.37505], "mean": [0.3715093333333334]}, "47": {"gen": 47, "min": [0.35535], "max": [0.37505], "mean": [0.37181866666666674]}, "48": {"gen": 48, "min": [0.35352], "max": [0.37505], "mean": [0.3709780000000001]}, "49": {"gen": 49, "min": [0.34612], "max": [0.37505], "mean": [0.37061366666666673]}}