{"0": {"gen": 0, "min": [0.29156666666666664, 0.2587665474189412], "max": [0.35302, 0.3012139217270146], "mean": [0.33842066666666665, 0.2769870965503264]}, "1": {"gen": 1, "min": [0.29156666666666664, 0.2587665474189412], "max": [0.36755666666666664, 0.3090549468452146], "mean": [0.3451613333333333, 0.2832830132563403]}, "2": {"gen": 2, "min": [0.29156666666666664, 0.2587665474189412], "max": [0.3720533333333333, 0.3090549468452146], "mean": [0.35176733333333327, 0.2908275425412209]}, "3": {"gen": 3, "min": [0.29156666666666664, 0.2587665474189412], "max": [0.37955, 0.30266206039423066], "mean": [0.35594533333333334, 0.2867648632246642]}, "4": {"gen": 4, "min": [0.29156666666666664, 0.2587665474189412], "max": [0.3990666666666666, 0.30266206039423066], "mean": [0.35615, 0.28798541249324444]}}