{"0": {"gen": 0, "min": [0.29156666666666664, 0.2587665474189412], "max": [0.35302, 0.3012139217270146], "mean": [0.33842066666666665, 0.2769870965503264]}, "1": {"gen": 1, "min": [0.29156666666666664, 0.2587665474189412], "max": [0.37438000000000005, 0.30611949881435285], "mean": [0.35108666666666666, 0.2912217712204604]}, "2": {"gen": 2, "min": [0.2774933333333333, 0.237697512486145], "max": [0.37537666666666664, 0.2939345707786188], "mean": [0.3301333333333333, 0.273513674756447]}, "3": {"gen": 3, "min": [0.2774933333333333, 0.237697512486145], "max": [0.37537666666666664, 0.2939345707786188], "mean": [0.34861600000000004, 0.2777385938489229]}, "4": {"gen": 4, "min": [0.2774933333333333, 0.237697512486145], "max": [0.37537666666666664, 0.2939345707786188], "mean": [0.3412513333333333, 0.2724834518483545]}}