{"0": {"gen": 0, "min": [0.29156666666666664, 0.2587665474189412], "max": [0.35302, 0.3012139217270146], "mean": [0.33842066666666665, 0.2769870965503264]}, "1": {"gen": 1, "min": [0.34983333333333333, 0.2703223647125192], "max": [0.37341333333333326, 0.3020894925130954], "mean": [0.35518666666666665, 0.27984140316000505]}, "2": {"gen": 2, "min": [0.3541066666666666, 0.2820327102792994], "max": [0.37549666666666676, 0.30292200115240175], "mean": [0.36614199999999997, 0.2940613127131723]}, "3": {"gen": 3, "min": [0.3706466666666667, 0.2967700502554988], "max": [0.39563666666666664, 0.30292200115240175], "mean": [0.37776, 0.29964962732597356]}, "4": {"gen": 4, "min": [0.37549666666666676, 0.2967700502554988], "max": [0.39563666666666664, 0.2980574400243836], "mean": [0.3795246666666668, 0.2970275282092758]}}