{"0": {"gen": 0, "min": [0.32906], "max": [0.37454], "mean": [0.3619116666666667]}, "1": {"gen": 1, "min": [0.32906], "max": [0.37454], "mean": [0.3618596666666667]}, "2": {"gen": 2, "min": [0.32906], "max": [0.37454], "mean": [0.35984700000000003]}, "3": {"gen": 3, "min": [0.32551], "max": [0.37458], "mean": [0.3676129999999999]}, "4": {"gen": 4, "min": [0.34845], "max": [0.37537], "mean": [0.3680633333333333]}, "5": {"gen": 5, "min": [0.35022], "max": [0.37537], "mean": [0.36947333333333326]}, "6": {"gen": 6, "min": [0.34885], "max": [0.37537], "mean": [0.3686829999999999]}, "7": {"gen": 7, "min": [0.3582], "max": [0.37537], "mean": [0.3734429999999999]}, "8": {"gen": 8, "min": [0.3582], "max": [0.37537], "mean": [0.3729529999999999]}, "9": {"gen": 9, "min": [0.36879], "max": [0.37537], "mean": [0.37452900000000006]}, "10": {"gen": 10, "min": [0.36003], "max": [0.37537], "mean": [0.37425266666666673]}, "11": {"gen": 11, "min": [0.35383], "max": [0.37537], "mean": [0.37090900000000004]}, "12": {"gen": 12, "min": [0.35632], "max": [0.37537], "mean": [0.37225]}, "13": {"gen": 13, "min": [0.35632], "max": [0.37537], "mean": [0.3717036666666667]}, "14": {"gen": 14, "min": [0.3569], "max": [0.37537], "mean": [0.372775]}, "15": {"gen": 15, "min": [0.35579], "max": [0.37537], "mean": [0.37223133333333336]}, "16": {"gen": 16, "min": [0.35499], "max": [0.37537], "mean": [0.3714883333333334]}, "17": {"gen": 17, "min": [0.35506], "max": [0.37537], "mean": [0.3712216666666667]}, "18": {"gen": 18, "min": [0.35376], "max": [0.37537], "mean": [0.3714966666666667]}, "19": {"gen": 19, "min": [0.35417], "max": [0.37537], "mean": [0.3710023333333333]}, "20": {"gen": 20, "min": [0.35116], "max": [0.37537], "mean": [0.37030166666666664]}, "21": {"gen": 21, "min": [0.34986], "max": [0.37584], "mean": [0.37006300000000003]}, "22": {"gen": 22, "min": [0.34968], "max": [0.37584], "mean": [0.3703140000000001]}, "23": {"gen": 23, "min": [0.36793], "max": [0.37584], "mean": [0.3750503333333333]}, "24": {"gen": 24, "min": [0.34961], "max": [0.37584], "mean": [0.3734926666666667]}, "25": {"gen": 25, "min": [0.3492], "max": [0.37584], "mean": [0.3707519999999999]}, "26": {"gen": 26, "min": [0.34858], "max": [0.37584], "mean": [0.371026]}, "27": {"gen": 27, "min": [0.34877], "max": [0.37584], "mean": [0.37161033333333343]}, "28": {"gen": 28, "min": [0.3468], "max": [0.37594], "mean": [0.3704936666666667]}, "29": {"gen": 29, "min": [0.34997], "max": [0.37594], "mean": [0.3717936666666667]}, "30": {"gen": 30, "min": [0.34887], "max": [0.37594], "mean": [0.3705043333333334]}, "31": {"gen": 31, "min": [0.34407], "max": [0.37594], "mean": [0.3702896666666667]}, "32": {"gen": 32, "min": [0.34407], "max": [0.37594], "mean": [0.36526333333333333]}, "33": {"gen": 33, "min": [0.34407], "max": [0.37625], "mean": [0.3625143333333334]}, "34": {"gen": 34, "min": [0.34407], "max": [0.3763], "mean": [0.36312100000000014]}, "35": {"gen": 35, "min": [0.34847], "max": [0.3763], "mean": [0.36845866666666666]}, "36": {"gen": 36, "min": [0.34774], "max": [0.3763], "mean": [0.3702876666666666]}, "37": {"gen": 37, "min": [0.34481], "max": [0.3763], "mean": [0.37008266666666667]}, "38": {"gen": 38, "min": [0.34427], "max": [0.3763], "mean": [0.3719776666666667]}, "39": {"gen": 39, "min": [0.36961], "max": [0.3763], "mean": [0.375789]}, "40": {"gen": 40, "min": [0.3545], "max": [0.37631], "mean": [0.3725366666666666]}, "41": {"gen": 41, "min": [0.3545], "max": [0.37631], "mean": [0.3745946666666667]}, "42": {"gen": 42, "min": [0.35487], "max": [0.37631], "mean": [0.37365400000000015]}, "43": {"gen": 43, "min": [0.35558], "max": [0.37631], "mean": [0.37306266666666676]}, "44": {"gen": 44, "min": [0.35577], "max": [0.37631], "mean": [0.3712153333333334]}, "45": {"gen": 45, "min": [0.35568], "max": [0.37631], "mean": [0.37118466666666666]}, "46": {"gen": 46, "min": [0.35655], "max": [0.37631], "mean": [0.3720333333333334]}, "47": {"gen": 47, "min": [0.35046], "max": [0.37631], "mean": [0.3711286666666666]}, "48": {"gen": 48, "min": [0.35208], "max": [0.37659], "mean": [0.3713936666666667]}, "49": {"gen": 49, "min": [0.35131], "max": [0.37666], "mean": [0.3722026666666666]}}