{"0": {"gen": 0, "min": [0.3095121999999999], "max": [0.3964571000000002], "mean": [0.36715155499999985]}, "1": {"gen": 1, "min": [0.3095121999999999], "max": [0.3964571000000002], "mean": [0.3628385579999999]}, "2": {"gen": 2, "min": [0.3095121999999999], "max": [0.3964571000000002], "mean": [0.36186282500000005]}, "3": {"gen": 3, "min": [0.3095121999999999], "max": [0.3964571000000002], "mean": [0.3623818940000001]}, "4": {"gen": 4, "min": [0.3095121999999999], "max": [0.3964571000000002], "mean": [0.3564493590000001]}, "5": {"gen": 5, "min": [0.3095121999999999], "max": [0.3964571000000002], "mean": [0.3639272459999999]}, "6": {"gen": 6, "min": [0.3095121999999999], "max": [0.3964571000000002], "mean": [0.35646701299999994]}, "7": {"gen": 7, "min": [0.3095121999999999], "max": [0.3964571000000002], "mean": [0.36557696700000003]}, "8": {"gen": 8, "min": [0.3095121999999999], "max": [0.3964571000000002], "mean": [0.35887143]}, "9": {"gen": 9, "min": [0.3095121999999999], "max": [0.3964571000000002], "mean": [0.3575067449999999]}, "10": {"gen": 10, "min": [0.3095121999999999], "max": [0.3964571000000002], "mean": [0.37007622799999995]}, "11": {"gen": 11, "min": [0.3095121999999999], "max": [0.3964571000000002], "mean": [0.3675896410000001]}, "12": {"gen": 12, "min": [0.3095121999999999], "max": [0.3964571000000002], "mean": [0.3892719840000002]}, "13": {"gen": 13, "min": [0.3095121999999999], "max": [0.3964571000000002], "mean": [0.3891781830000001]}, "14": {"gen": 14, "min": [0.3095121999999999], "max": [0.3964571000000002], "mean": [0.3887490240000001]}, "15": {"gen": 15, "min": [0.3095121999999999], "max": [0.3964571000000002], "mean": [0.38752022300000005]}, "16": {"gen": 16, "min": [0.3095121999999999], "max": [0.3964571000000002], "mean": [0.3865015980000001]}, "17": {"gen": 17, "min": [0.3095121999999999], "max": [0.3964571000000002], "mean": [0.38689661500000017]}, "18": {"gen": 18, "min": [0.3095121999999999], "max": [0.3964571000000002], "mean": [0.38634374700000007]}, "19": {"gen": 19, "min": [0.3095121999999999], "max": [0.3964571000000002], "mean": [0.3869223820000001]}, "20": {"gen": 20, "min": [0.3095121999999999], "max": [0.3964571000000002], "mean": [0.3849022310000001]}, "21": {"gen": 21, "min": [0.3095121999999999], "max": [0.3964571000000002], "mean": [0.3863094720000001]}, "22": {"gen": 22, "min": [0.3095121999999999], "max": [0.3964571000000002], "mean": [0.38510467700000006]}, "23": {"gen": 23, "min": [0.3095121999999999], "max": [0.3964571000000002], "mean": [0.38569076300000016]}, "24": {"gen": 24, "min": [0.3095121999999999], "max": [0.3964571000000002], "mean": [0.3860708640000001]}, "25": {"gen": 25, "min": [0.3095121999999999], "max": [0.3964571000000002], "mean": [0.38530156800000015]}, "26": {"gen": 26, "min": [0.3095121999999999], "max": [0.3964571000000002], "mean": [0.3858549220000001]}, "27": {"gen": 27, "min": [0.3095121999999999], "max": [0.3964571000000002], "mean": [0.3852320690000001]}, "28": {"gen": 28, "min": [0.3095121999999999], "max": [0.3964571000000002], "mean": [0.38617428800000014]}, "29": {"gen": 29, "min": [0.3095121999999999], "max": [0.3964571000000002], "mean": [0.38671565200000013]}, "30": {"gen": 30, "min": [0.3095121999999999], "max": [0.3964571000000002], "mean": [0.3857013890000001]}, "31": {"gen": 31, "min": [0.3095121999999999], "max": [0.3964571000000002], "mean": [0.38521307700000007]}, "32": {"gen": 32, "min": [0.3095121999999999], "max": [0.3964571000000002], "mean": [0.38530066400000007]}, "33": {"gen": 33, "min": [0.3095121999999999], "max": [0.3964571000000002], "mean": [0.39036895000000016]}, "34": {"gen": 34, "min": [0.3095121999999999], "max": [0.3964571000000002], "mean": [0.3910878010000002]}, "35": {"gen": 35, "min": [0.3095121999999999], "max": [0.3964571000000002], "mean": [0.39105903200000014]}, "36": {"gen": 36, "min": [0.3095121999999999], "max": [0.3964571000000002], "mean": [0.3911346060000001]}, "37": {"gen": 37, "min": [0.3095121999999999], "max": [0.3964571000000002], "mean": [0.39140740500000015]}, "38": {"gen": 38, "min": [0.3095121999999999], "max": [0.3964571000000002], "mean": [0.3899192910000002]}, "39": {"gen": 39, "min": [0.3095121999999999], "max": [0.3964571000000002], "mean": [0.39080035000000024]}, "40": {"gen": 40, "min": [0.3095121999999999], "max": [0.3964571000000002], "mean": [0.39112100300000024]}, "41": {"gen": 41, "min": [0.3095121999999999], "max": [0.3964571000000002], "mean": [0.39114554700000015]}, "42": {"gen": 42, "min": [0.3095121999999999], "max": [0.3964571000000002], "mean": [0.3916927350000002]}, "43": {"gen": 43, "min": [0.3095121999999999], "max": [0.3964571000000002], "mean": [0.3891588990000001]}, "44": {"gen": 44, "min": [0.3095121999999999], "max": [0.3964571000000002], "mean": [0.3881670920000002]}, "45": {"gen": 45, "min": [0.3095121999999999], "max": [0.3964571000000002], "mean": [0.38856880300000035]}, "46": {"gen": 46, "min": [0.3095121999999999], "max": [0.3964571000000002], "mean": [0.3885639830000003]}, "47": {"gen": 47, "min": [0.3095121999999999], "max": [0.3964571000000002], "mean": [0.3896736110000003]}, "48": {"gen": 48, "min": [0.3095121999999999], "max": [0.3964571000000002], "mean": [0.3891054310000003]}, "49": {"gen": 49, "min": [0.3095121999999999], "max": [0.3964571000000002], "mean": [0.3880304590000004]}}